"IdComment","IdStr","UserName","Message","MessageTranslation","Retweets","Hashtags","Mentions","TweetBoundingBox","TweetCoordinates","TweetPlaceName","UserLocation","UserFollowers","UserFriends","CreatedAt","Source","Votes","Positive","Negative","Neutral","Reason","VeryPositive","VeryNegative","evaluator1","evaluator2","evaluator3","OpinionLexicon","Afinn","SentiStrength","SoCal","Umigon","Vader","SenticNet","Brazilian_LIWC","Brazilian_OpLexicon","Brazilian_SentiLex","Truth","Prediction"
"707218810365825000","707218810365825000","EdilsonZanardo","CONCURSO PÚBLICO PREFEITURA DE CURITIBA - PR https://t.co/FGT1j9vkFa",,"0","[]","[]","NULL","NULL","NULL","Curitiba","121","434","2016-03-08 14:57:58","twitter_curitiba","5","2","0","3","NULL","0","0","1022105604535423","10207501925518729","916609715103449",0,1,1,1,0,0,0.023667,0,0,0,1,
"707229383312933000","707229383312933000","_francielr","Hoje dava pra sentir a aura de felicidade no ar da ufpa. Era calouro pra tudo que era lado",,"0","[]","[]","NULL","NULL","NULL","NULL","72","74","2016-03-08 15:39:59","twitter_ufpa","3","2","0","0","NULL","1","0","10207501925518729","481008992083404","1333261746689944",1,1,1,0,0,1,0.058444,1,0,1,1,
"707280737138025000","707280737138025000","lerncarey","gente o Twitter da prefeitura de Curitiba um dos melhores",,"1","[]","[]","NULL","NULL","NULL","11.10.2014","972","727","2016-03-08 19:04:03","twitter_curitiba","3","3","0","0","NULL","0","0","942667965849460","805075212894032","251044251911114",1,1,1,0,1,1,0.027333,1,0,0,1,
"707283585745723000","707283585745723000","pitacoseachados","Como é bom estar em casa. @Curitiba_PMC https://t.co/bCPXbggZLO",,"0","[]","[{u'id': 68693419, u'indices': [26, 39], u'id_str': u'68693419', u'screen_name': u'Curitiba_PMC', u'name': u'Prefeitura Curitiba'}]","[[[-49.3916434, -25.6447517], [-49.1852775, -25.6447517], [-49.1852775, -25.3457471], [-49.3916434, -25.3457471]]]","-25.4952494,-49.28846045","Curitiba, Brazil","Curitiba, Paraná","772","749","2016-03-08 19:15:22","twitter_curitiba","3","3","0","0","NULL","0","0","805075212894032","251044251911114","942667965849460",1,1,1,1,1,1,0.0883,1,1,1,1,
"707294021505442000","707294021505442000","manoloramires","Prefeitura de Curitiba imitando Beto Richa. https://t.co/XANOsNMOrL",,"0","[]","[]","NULL","NULL","NULL","Curitiba, Brasil","178","321","2016-03-08 19:56:50","twitter_curitiba","10","2","2","6","NULL","0","0","1333261746689944","1022105604535423",,0,0,0,0,0,0,0.0054,0,0,-1,1,
"707317838126653000","707317838126653000","_thayseazevedo","boa tarde só pra quem ta de ferias da ufpa, tipo eu.",,"0","[]","[]","NULL","NULL","NULL","Ananindeua, Pará","540","287","2016-03-08 21:31:28","twitter_ufpa","4","2","0","1","NULL","1","0","10207501925518729","951289924984798","1198194900225799",1,1,1,1,1,1,0.1591,-1,0,1,1,
"707520353795514000","707520353795514000","g1para","UFPA inscreve para o programa 'Universidade da Terceira Idade' https://t.co/BGkSFeybZL",,"3","[]","[]","NULL","NULL","NULL","NULL","44787","0","2016-03-09 10:56:12","twitter_ufpa","3","2","0","1","NULL","0","0","10207501925518729","481008992083404","1333261746689944",0,0,0,0,0,0,0.006,0,0,0,1,
"707565894944297000","707565894944297000","cesovski","prefeitura de curitiba: graças a deus morreu o hype",,"0","[]","[]","NULL","NULL","NULL","Porto Alegre - Brasil","234","226","2016-03-09 13:57:09","twitter_curitiba","5","2","3","0","NULL","0","0","1022105604535423","10207501925518729","481008992083404",-1,0,1,-1,-1,1,0.063,1,0,0,1,
"707586099644928000","707586099644928000","ParanaOnline","Prefeitura de Curitiba faz coleta de lixo eletrônico na sexta e no sábado https://t.co/QDt9JsCoH7 https://t.co/YEF6BUAyh4",,"0","[]","[]","NULL","NULL","NULL","Curitiba, PR, Brasil","4372","174","2016-03-09 15:17:27","twitter_curitiba","4","2","0","2","NULL","0","0","10207501925518729","481008992083404","1022105604535423",-1,-1,-1,-1,0,-1,0.046095,0,0,-1,1,
"707629938090906000","707629938090906000","raquagirl","@beadelusional mas agora nortista tem bônus de 10% na ufpa",,"0","[]","[{u'id': 2772775570, u'indices': [0, 14], u'id_str': u'2772775570', u'screen_name': u'beadelusional', u'name': u'Beaw'}]","NULL","NULL","NULL","Metropolis","617","377","2016-03-09 18:11:39","twitter_ufpa","3","3","0","0","NULL","0","0","805075212894032","251044251911114","942667965849460",1,0,0,1,0,1,0.043667,0,0,0,1,
"707681950052577000","707681950052577000","denisetoniolo","Feira do Emprego da Curitibana Trabalhadora atende 8 mil pessoas - Prefeitura de Curitiba https://t.co/EfMlsNc1uF",,"0","[]","[]","NULL","NULL","NULL","Curitiba","1102","1716","2016-03-09 21:38:19","twitter_curitiba","7","5","1","1","NULL","0","0","10207501925518729","1022105604535423",,1,1,0,1,0,1,0.014125,1,1,1,1,
"707760146630451000","707760146630451000","donnieromello","grito com o marketing da prefeitura de curitiba https://t.co/oxMhVpN2fC",,"0","[]","[]","NULL","NULL","NULL","Texas, USA","1351","172","2016-03-10 02:49:03","twitter_curitiba","3","2","1","0","NULL","0","0","10207501925518729","1333261746689944","481008992083404",-1,-1,-1,0,-1,-1,-0.013385,-1,0,0,1,
"707765102364267000","707765102364267000","porraualax","O decair é do homem (convenio 2014) mas o levantar é de Deus (UFPA 2015)",,"0","[]","[]","NULL","NULL","NULL","Belém, Pará","784","805","2016-03-10 03:08:44","twitter_ufpa","3","3","0","0","NULL","0","0","1333261746689944","10207501925518729",,-1,1,-1,-1,0,1,0.059273,-1,0,0,1,
"707915422092370000","707915422092370000","ica_ufpa","Escola de Aplicação abre inscrições para vagas na Educação Infantil  A Escola de Aplicação da Universidade... https://t.co/eVwrXwn1Fv",,"1","[]","[]","NULL","NULL","NULL","Belém","931","370","2016-03-10 13:06:03","twitter_ufpa","5","4","0","1","NULL","0","0","1333261746689944","10207501925518729","1022105604535423",1,0,0,1,0,0,0.027381,1,-1,-1,1,
"707916714147717000","707916714147717000","ica_ufpa","Bolsas PROAD para o Setor de Produção e Comunicação da Escola de Música da UFPA: https://t.co/DPZujwac83 https://t.co/VY78YKHanu",,"0","[]","[]","[[[-48.623684, -1.526453], [-48.295911, -1.526453], [-48.295911, -1.019406], [-48.623684, -1.019406]]]","-1.2729295,-48.4597975","Belém, Brazil","Belém","931","370","2016-03-10 13:11:11","twitter_ufpa","4","3","0","1","NULL","0","0","10207501925518729","951289924984798","1022105604535423",0,0,0,0,0,0,0.019111,0,1,0,1,
"707972945419837000","707972945419837000","flickgis","prefeitura de curitiba com certeza melhor página do facebook",,"0","[]","[]","NULL","NULL","NULL","Curitiba","434","326","2016-03-10 16:54:38","twitter_curitiba","5","4","0","0","NULL","1","0","10207501925518729","951289924984798",,1,1,1,1,1,1,0.0277,1,1,0,1,
"707981065974063000","707981065974063000","_melissamp","@leomwill @Curitiba_PMC certeza que um dia você vai trabalhar cuidado das redes sociais de curitiba hahahaha",,"1","[]","[{u'id': 219414785, u'indices': [0, 9], u'id_str': u'219414785', u'screen_name': u'leomwill', u'name': u'Leonardo'}, {u'id': 68693419, u'indices': [10, 23], u'id_str': u'68693419', u'screen_name': u'Curitiba_PMC', u'name': u'Prefeitura Curitiba'}]","NULL","NULL","NULL","NULL","73","47","2016-03-10 17:26:54","twitter_curitiba","3","3","0","0","NULL","0","0","1022105604535423","1242448322449665","251044251911114",1,1,1,1,0,1,0.010412,1,1,1,1,
"707983733585002000","707983733585002000","semcensurapa","Boa tarde! Conheça agora o ""Torcida Cidadã"" da Prefeitura de Belém, projeto que busca reduzir os índices de violência em jogos de futebol.",,"2","[]","[]","NULL","NULL","NULL","Belém","12359","223","2016-03-10 17:37:30","twitter_belem","2","2","0","0","NULL","0","0","1022105604535423","10207501925518729",,0,0,-1,1,1,-1,0.000625,-1,-1,0,1,
"708008845839344000","708008845839344000","BruCGS","@Curitiba_PMC eu sabia que vcs não iriam me decepcionar hahaha  #TeamCap",,"0","[{u'indices': [64, 72], u'text': u'TeamCap'}]","[{u'id': 68693419, u'indices': [0, 13], u'id_str': u'68693419', u'screen_name': u'Curitiba_PMC', u'name': u'Prefeitura Curitiba'}]","NULL","NULL","NULL","NULL","79","236","2016-03-10 19:17:17","twitter_curitiba","3","3","0","0","NULL","0","0","10207501925518729","481008992083404","951289924984798",-1,0,-1,0,1,1,0,1,0,1,1,
"708012537401516000","708012537401516000","flaviasour","@Curitiba_PMC Melhor team é o da capivara! &lt;3 Beijos de BH",,"0","[]","[{u'id': 68693419, u'indices': [0, 13], u'id_str': u'68693419', u'screen_name': u'Curitiba_PMC', u'name': u'Prefeitura Curitiba'}]","NULL","NULL","NULL","Belo Horizonte - Brasil","215","585","2016-03-10 19:31:57","twitter_curitiba","5","4","0","1","NULL","0","0","10207501925518729","1149345581743917",,0,1,1,0,1,1,0.037167,1,1,0,1,
"708012809662104000","708012809662104000","daysofwal","@ica_ufpa acabei de ver, obrigada????",,"0","[]","[{u'id': 305216984, u'indices': [0, 9], u'id_str': u'305216984', u'screen_name': u'ica_ufpa', u'name': u'ICA UFPA'}]","NULL","NULL","NULL","Pará, Brasil","49","267","2016-03-10 19:33:02","twitter_ufpa","3","2","0","1","NULL","0","0","10207501925518729","870576423064299","481008992083404",1,1,1,0,1,1,0.127,0,0,-1,1,
"708013022002979000","708013022002979000","AnaLuizaMW","@Curitiba_PMC parabéns pela campanha!",,"0","[]","[{u'id': 68693419, u'indices': [0, 13], u'id_str': u'68693419', u'screen_name': u'Curitiba_PMC', u'name': u'Prefeitura Curitiba'}]","NULL","NULL","NULL","Curitiba-PR","106","369","2016-03-10 19:33:53","twitter_curitiba","3","3","0","0","NULL","0","0","942667965849460","805075212894032","251044251911114",1,1,1,1,1,1,0,0,0,0,1,
"708036814116880000","708036814116880000","Nickleprevost","Escola no Boqueirão faz festa para comemorar nova biblioteca - Prefeitura de Curitiba https://t.co/0aEQszCNc4",,"0","[]","[]","NULL","NULL","NULL","Curitiba","937","2029","2016-03-10 21:08:25","twitter_curitiba","4","2","1","1","NULL","0","0","10207501925518729","481008992083404","1022105604535423",1,1,1,1,1,1,0.027105,1,0,0,1,
"708107448863879000","708107448863879000","FlashTDabliu","Prefeitura de Curitiba é a melhor https://t.co/XGY6Ltgjyh",,"0","[]","[]","NULL","NULL","NULL","Sera que estou em Alagoinha?","142","411","2016-03-11 01:49:06","twitter_curitiba","3","3","0","0","NULL","0","0","805075212894032","1022105604535423","481008992083404",1,1,1,1,1,1,0.0223,1,1,0,1,
"708108295798710000","708108295798710000","Pyrull","Vagas para o pré I na escola de aplicação da UFPA https://t.co/7f61IBv46g",,"0","[]","[]","NULL","NULL","NULL","Amazônia","133","407","2016-03-11 01:52:28","twitter_ufpa","4","3","0","1","NULL","0","0","10207501925518729","951289924984798","1022105604535423",0,0,0,0,0,0,0.006895,1,-1,-1,1,
"708331542326747000","708331542326747000","stavaresfilho","@Curitiba_PMC obrigado! Bom fim de semana.",,"0","[]","[{u'id': 68693419, u'indices': [0, 13], u'id_str': u'68693419', u'screen_name': u'Curitiba_PMC', u'name': u'Prefeitura Curitiba'}]","NULL","NULL","NULL","iPhone: -25.450455,-49.275894","2016","861","2016-03-11 16:39:34","twitter_curitiba","3","3","0","0","NULL","0","0","10207501925518729","481008992083404","951289924984798",1,1,1,1,1,1,0.172444,1,0,0,1,
"708336611239588000","708336611239588000","AlderomCosta","Partiu Aula #ufpa  #estatística https://t.co/FfV1tOHExx",,"0","[{u'indices': [12, 17], u'text': u'ufpa'}, {u'indices': [19, 31], u'text': u'estatxedstica'}]","[]","NULL","NULL","NULL","NULL","139","770","2016-03-11 16:59:43","twitter_ufpa","3","3","0","0","NULL","0","0","805075212894032","251044251911114","942667965849460",0,0,0,0,0,0,0,-1,0,0,1,
"708411143937598000","708411143937598000","davishowC","tem um brother lá na ufpa que ta vendendo um cds interessantes",,"0","[]","[]","NULL","NULL","NULL","Belém, Brasil","458","779","2016-03-11 21:55:53","twitter_ufpa","3","3","0","0","NULL","0","0","251044251911114","942667965849460","805075212894032",1,1,1,1,1,1,0,1,1,0,1,
"708451624847598000","708451624847598000","LatadeNescau","Muito feliz pela minha amiga trans finíssima CALOURA ENFERMAGEM NA UFPA @ervilhadelmar",,"1","[]","[{u'id': 296485938, u'indices': [72, 86], u'id_str': u'296485938', u'screen_name': u'ervilhadelmar', u'name': u'enfermeirinha'}]","NULL","NULL","NULL","Belém né","299","332","2016-03-12 00:36:44","twitter_ufpa","3","2","0","1","NULL","0","0","10207501925518729","481008992083404",,1,1,1,1,1,1,0.063923,1,1,1,1,
"708469074452283000","708469074452283000","_Maga","Moradores de rua recebem cartões para uso de banheiros públicos - Prefeitura de Curitiba https://t.co/rAhRW60t3A",,"0","[]","[]","NULL","NULL","NULL","Brasil","980","736","2016-03-12 01:46:04","twitter_curitiba","3","2","0","1","NULL","0","0","951289924984798","1333261746689944",,0,0,0,0,0,0,0.015684,1,0,-1,1,
"708470857308492000","708470857308492000","radiowebufpa","Se liga galera que vai fazer o ENEM. O UFPA na Madrugada dessa semana é sobre “Povos da Antiguidade”. Hoje, às 00h. https://t.co/Ar9Ln0yCa4",,"3","[]","[]","NULL","NULL","NULL","Belém, Pará, Brasil","3443","700","2016-03-12 01:53:09","twitter_ufpa","3","2","0","1","NULL","0","0","10207501925518729","481008992083404",,0,0,0,0,0,0,0.003889,0,0,0,1,
"708583512069251000","708583512069251000","MarceloBacana","Hoje tem encontro do PDT no ginásio da UFPA com a presença de Ciro Gomes https://t.co/XrMOdrWGRx",,"2","[]","[]","NULL","NULL","NULL","Brasil","7363","409","2016-03-12 09:20:48","twitter_ufpa","4","2","1","1","NULL","0","0","10207501925518729","481008992083404",,0,0,0,0,0,0,0.00365,0,0,0,1,
"708618309000888000","708618309000888000","leiomaurobonna","Hoje, a partir das 18h, a 3ª rodada da enquete entre quatro reitoráveis da UFPA.",,"4","[]","[]","NULL","NULL","NULL","www.maurobonna.com.br","11699","0","2016-03-12 11:39:05","twitter_ufpa","6","2","0","4","NULL","0","0","10207501925518729","1333261746689944","1022105604535423",0,0,0,0,0,0,0.007187,-1,-1,-1,1,
"708672208197947000","708672208197947000","dyegobraga_","Hoje estive na Feira de Adoção de Cães e Gatos. Iniciativa da Prefeitura de Belém unindo forças… https://t.co/MUti74OyQz",,"0","[]","[]","NULL","NULL","NULL","BELÉM-MOCAJUBA-PA","274","356","2016-03-12 15:13:15","twitter_belem","3","2","0","0","NULL","1","0","805075212894032","1029473580480211","1022105604535423",0,1,0,1,0,1,0.001087,-1,-1,0,1,
"708737553730552000","708737553730552000","CleideRaiol","Fruto dos investimentos da Gestão UFPA! https://t.co/MAKTgRmMVz",,"1","[]","[]","NULL","NULL","NULL","NULL","16","8","2016-03-12 19:32:55","twitter_ufpa","3","2","0","1","NULL","0","0","1022105604535423","805075212894032","942667965849460",0,0,1,0,0,0,0.005615,0,0,0,1,
"708781593444409000","708781593444409000","rosangelasarges","@leiomaurobonna @joaoreitorufpa @UFPA_Oficial  Para uma UFPA aberta, coletiva e cidadã! #joaoreitor",,"0","[{u'indices': [88, 99], u'text': u'joaoreitor'}]","[{u'id': 178061411, u'indices': [0, 15], u'id_str': u'178061411', u'screen_name': u'leiomaurobonna', u'name': u'Mauro Bonna'}, {u'id': 700450391465582592, u'indices': [16, 31], u'id_str': u'700450391465582592', u'screen_name': u'joaoreitorufpa', u'name': u'Joxe3o Reitor - UFPA'}, {u'id': 82086393, u'indices': [32, 45], u'id_str': u'82086393', u'screen_name': u'UFPA_Oficial', u'name': u'UFPA'}]","NULL","NULL","NULL","NULL","4","3","2016-03-12 22:27:55","twitter_ufpa","4","3","0","0","NULL","1","0","10207501925518729","951289924984798",,0,0,1,0,0,0,0.007167,1,1,1,1,
"708781795312062000","708781795312062000","RannaandDiego","@leiomaurobonna  #SouEmmanuelGilmar porque quero uma Ufpa para todos!",,"0","[{u'indices': [17, 35], u'text': u'SouEmmanuelGilmar'}]","[{u'id': 178061411, u'indices': [0, 15], u'id_str': u'178061411', u'screen_name': u'leiomaurobonna', u'name': u'Mauro Bonna'}]","NULL","NULL","NULL","NULL","0","0","2016-03-12 22:28:43","twitter_ufpa","3","3","0","0","NULL","0","0","805075212894032","251044251911114","942667965849460",0,1,0,0,0,1,0,1,0,0,1,
"708793536850821000","708793536850821000","maaoliveirac","Deus atenda os meus desejos pfvr. 1º: passar na ufpa. 2º: que tenha greve em março pra eu poder ir pro lolla. Obg desde já",,"0","[]","[]","NULL","NULL","NULL","Belém, Pará","406","264","2016-03-12 23:15:22","twitter_ufpa","3","2","0","0","NULL","1","0","10207501925518729","870576423064299","951289924984798",-1,0,-1,0,0,1,0.0395,1,0,0,1,
"708813473795482000","708813473795482000","aaaufra","COMEÇA O JOGO   UFRA x UFPA já é bum clássico muito disputado no mundo universitário paraense",,"0","[]","[]","NULL","NULL","NULL","NULL","16","64","2016-03-13 00:34:35","twitter_ufpa","3","3","0","0","NULL","0","0","10207501925518729","481008992083404",,0,0,-1,1,0,1,-0.004647,-1,-1,0,1,
"709059543213416000","709059543213416000","americaspreta","tava ontem na bad de São Paulo, aí essa noite sonhei que eu atravessava duas janelas de uma favela e chegava na UFPA, SUCESSO",,"0","[]","[]","NULL","NULL","NULL","São Paulo, Brasil","66","127","2016-03-13 16:52:23","twitter_ufpa","3","2","0","1","NULL","0","0","10207501925518729","1022105604535423","481008992083404",-1,0,1,1,-1,1,0.000955,1,1,1,1,
"709456463207539000","709456463207539000","CarlosSilvaS4","@leiomaurobonna voto @EmmTourinho e ainda divulgo na certeza de escolher o melhor para minha amada @UFPA_Oficial",,"44","[]","[{u'id': 178061411, u'indices': [0, 15], u'id_str': u'178061411', u'screen_name': u'leiomaurobonna', u'name': u'Mauro Bonna'}, {u'id': 4907162793, u'indices': [21, 33], u'id_str': u'4907162793', u'screen_name': u'EmmTourinho', u'name': u'Emmanuel Tourinho'}, {u'id': 82086393, u'indices': [99, 112], u'id_str': u'82086393', u'screen_name': u'UFPA_Oficial', u'name': u'UFPA'}]","NULL","NULL","NULL","NULL","3","30","2016-03-14 19:09:36","twitter_ufpa","3","3","0","0","NULL","0","0","942667965849460","805075212894032","1080528071986701",1,1,1,1,1,1,0.054882,1,1,1,1,
"709507596630118000","709507596630118000","AnderRs21","Que Legal, Parabéns a Prefeitura de Curitiba pela homenagem...???????????????? https://t.co/ZEQfrthR6P",,"0","[]","[]","NULL","NULL","NULL","Curitiba e Região","25","138","2016-03-14 22:32:47","twitter_curitiba","3","2","1","0","NULL","0","0","10207501925518729","1701828520084643","481008992083404",0,1,1,1,1,1,0.089,1,1,1,1,
"709508393510117000","709508393510117000","joaquimpint0","Pela 1ª vez, UFPA abre lista de espera para candidatos ao vestibular 2016: Mais de 48 mil pessoas não classifi... https://t.co/N6VbwQy75t",,"0","[]","[]","NULL","NULL","NULL","NULL","306","372","2016-03-14 22:35:57","twitter_ufpa","4","4","0","0","NULL","0","0","10207501925518729","1333261746689944","1149345581743917",0,0,0,0,0,0,0.012,1,0,0,1,
"709508422111105000","709508422111105000","alicekiara1","Pela 1ª vez, UFPA abre lista de espera para candidatos ao vestibular 2016: Mais de 48 mil pessoas não classifi... https://t.co/y42H072cop",,"0","[]","[]","NULL","NULL","NULL","NULL","396","440","2016-03-14 22:36:04","twitter_ufpa","3","2","0","1","NULL","0","0","10207501925518729","481008992083404","1333261746689944",0,0,0,0,0,0,0.01152,1,0,0,1,
"709562822120895000","709562822120895000","lauralibaa","@tasigp @Curitiba_PMC KKKKKKKKKKKKKKKK mt bom",,"0","[]","[{u'id': 186611570, u'indices': [0, 7], u'id_str': u'186611570', u'screen_name': u'tasigp', u'name': u'Tasi Pasin'}, {u'id': 68693419, u'indices': [8, 21], u'id_str': u'68693419', u'screen_name': u'Curitiba_PMC', u'name': u'Prefeitura Curitiba'}]","NULL","NULL","NULL","Cascavel - Pr","2720","1536","2016-03-15 02:12:14","twitter_curitiba","3","2","0","1","NULL","0","0","10207501925518729","1054803564576568","1333261746689944",0,0,0,0,0,0,0,1,1,1,1,
"709712352351035000","709712352351035000","LareeDias","@Curitiba_PMC Bom Dia Prefs! ????",,"0","[]","[{u'id': 68693419, u'indices': [0, 13], u'id_str': u'68693419', u'screen_name': u'Curitiba_PMC', u'name': u'Prefeitura Curitiba'}]","NULL","NULL","NULL","Curitiba, Paraná","648","362","2016-03-15 12:06:25","twitter_curitiba","4","3","0","1","NULL","0","0","10207501925518729","1149345581743917",,0,1,1,0,1,1,0.20825,1,1,1,1,
"709745435594850000","709745435594850000","kruskredo","@Curitiba_PMC não vejo a hora de alguém criar a página Dicas do Pinhãozinho",,"0","[]","[{u'id': 68693419, u'indices': [0, 13], u'id_str': u'68693419', u'screen_name': u'Curitiba_PMC', u'name': u'Prefeitura Curitiba'}]","NULL","NULL","NULL","NULL","141","181","2016-03-15 14:17:52","twitter_curitiba","3","3","0","0","NULL","0","0","1022105604535423","942667965849460","251044251911114",0,0,0,1,0,1,0.0048,1,-1,0,1,
"709789619320168000","709789619320168000","TaniaBraga","Tô apaixonada por essa foto. Via @Curitiba_PMC https://t.co/QYZgns2HvC",,"0","[]","[{u'id': 68693419, u'indices': [33, 46], u'id_str': u'68693419', u'screen_name': u'Curitiba_PMC', u'name': u'Prefeitura Curitiba'}]","NULL","NULL","NULL","Paraná BR","3769","3054","2016-03-15 17:13:27","twitter_curitiba","3","2","0","0","NULL","1","0","10207501925518729","951289924984798",,1,1,1,1,1,1,0.061,1,0,0,1,
"709938845048029000","709938845048029000","Menino_Assis","Ainda não caiu a ficha que sou calouro UFPA",,"0","[]","[]","NULL","NULL","NULL","Belém, Pará","436","381","2016-03-16 03:06:25","twitter_ufpa","4","2","0","1","NULL","0","1","10207501925518729","1333261746689944","951289924984798",-1,0,0,0,0,0,0,0,0,1,1,
"710208149408453000","710208149408453000","twero","Fim de mais uma aula de metodologia @ Universidade Federal do Pará - UFPA - Oficial https://t.co/E1oEA2uAwU",,"0","[]","[]","NULL","NULL","NULL","Belém, Brazil","294","245","2016-03-16 20:56:32","twitter_ufpa","5","2","0","3","NULL","0","0","10207501925518729","1022105604535423",,0,0,0,0,0,0,0.007944,1,0,0,1,
"710270525864583000","710270525864583000","Raquelycaldeira","Eu sendo doutora em literatura, prof com meritos da ufpa. ???????? https://t.co/ugVq9TUiYw",,"0","[]","[]","NULL","NULL","NULL","Belém/Pará","605","446","2016-03-17 01:04:24","twitter_ufpa","3","3","0","0","NULL","0","0","805075212894032","251044251911114","942667965849460",0,0,1,1,0,1,0.00925,0,0,0,1,
"710452576421077000","710452576421077000","Jocksterlol","A pagina da prefeitura de curitiba é mto boa AHDUHAHSJSH",,"3","[]","[]","NULL","NULL","NULL","Curitiba, Paraná","32195","151","2016-03-17 13:07:48","twitter_curitiba","3","1","0","0","NULL","2","0","942667965849460","805075212894032","1080528071986701",1,1,1,1,1,1,0.097556,1,1,1,1,
"710490407893733000","710490407893733000","BibliotecaUfpa","A UFPA realizou, nesta terça-feira, 15 de março, a cerimônia de diplomação dos concluintes da primeira turma do... https://t.co/0yWfVl2ptW",,"0","[]","[]","NULL","NULL","NULL","Belém/Pará/Brasil","1674","347","2016-03-17 15:38:08","twitter_ufpa","3","2","0","1","NULL","0","0","10207501925518729","1333261746689944","1054803564576568",0,0,0,0,0,0,0.010636,1,-1,0,1,
"710506665796305000","710506665796305000","buggfeelings","beijar na boca é bom mas vocês já perderam o UFPA pedreira e logo atrás veio outro pedreira vazio????",,"0","[]","[]","NULL","NULL","NULL","Belém, Pará","215","211","2016-03-17 16:42:44","twitter_ufpa","3","2","1","0","NULL","0","0","1022105604535423","997925856961901","942667965849460",1,0,1,0,1,1,0.0951,1,1,-1,1,
"710515512925667000","710515512925667000","nathaliac","depois que a ufpa aderiu só ao enem que o brasil começou a desandar",,"1","[]","[]","NULL","NULL","NULL","Belém, Pará","855","472","2016-03-17 17:17:53","twitter_ufpa","4","2","2","0","NULL","0","0","10207501925518729","1054803564576568","1198194900225799",-1,0,0,-1,0,0,0,-1,-1,0,1,
"710519581119488000","710519581119488000","rdpa_curitiba","Barigui terá Cãominhada e Amigo Bicho neste sábado - Prefeitura de Curitiba https://t.co/8zzyGKmUil",,"4","[]","[]","NULL","NULL","NULL","Curitiba - PR","47","63","2016-03-17 17:34:03","twitter_curitiba","10","2","0","8","NULL","0","0","1333261746689944","1022105604535423",,0,0,1,0,0,1,0.1052,1,1,1,1,
"710521349735850000","710521349735850000","rdpa_curitiba","@CamaraCuritiba @Curitiba_PMC Obrigado pelo apoio CMC.",,"0","[]","[{u'id': 66376767, u'indices': [0, 15], u'id_str': u'66376767', u'screen_name': u'CamaraCuritiba', u'name': u'Cxe2mara de Curitiba'}, {u'id': 68693419, u'indices': [16, 29], u'id_str': u'68693419', u'screen_name': u'Curitiba_PMC', u'name': u'Prefeitura Curitiba'}]","NULL","NULL","NULL","Curitiba - PR","47","63","2016-03-17 17:41:05","twitter_curitiba","3","3","0","0","NULL","0","0","1022105604535423","251044251911114","942667965849460",1,1,1,1,1,1,0.076,0,-1,-1,1,
"710524162717180000","710524162717180000","clebs","Quero me mudar para a República de Curitiba, parece um lugar decente. Como faz @Curitiba_PMC ?",,"0","[]","[{u'id': 68693419, u'indices': [79, 92], u'id_str': u'68693419', u'screen_name': u'Curitiba_PMC', u'name': u'Prefeitura Curitiba'}]","NULL","NULL","NULL","NULL","283","273","2016-03-17 17:52:15","twitter_curitiba","4","2","0","2","NULL","0","0","10207501925518729","1022105604535423",,1,1,1,1,0,1,0.03175,1,0,1,1,
"710548082799157000","710548082799157000","Edilson_Jr9","@Curitiba_PMC ok... Obrigado pela atenção",,"0","[]","[{u'id': 68693419, u'indices': [0, 13], u'id_str': u'68693419', u'screen_name': u'Curitiba_PMC', u'name': u'Prefeitura Curitiba'}]","[[[-49.3916434, -25.6447517], [-49.1852775, -25.6447517], [-49.1852775, -25.3457471], [-49.3916434, -25.3457471]]]","-25.4952494,-49.28846045","Curitiba, Brazil","Boqueirão-Curitiba-Paraná","324","119","2016-03-17 19:27:18","twitter_curitiba","3","2","0","1","NULL","0","0","10207501925518729","1022105604535423","967101706713483",0,1,1,1,1,1,0.117625,1,-1,-1,1,
"710606036952949000","710606036952949000","HamiltonLuiz","Mesmo com a crise, Prefeitura de Belém gera empregos na construção civil: Todo dia ela faz tudo igual. Acorda ... https://t.co/7GqmLvjHCl",,"0","[]","[]","NULL","NULL","NULL","Serra - ES","4932","1898","2016-03-17 23:17:36","twitter_belem","2","2","0","0","NULL","0","0","1022105604535423","10207501925518729",,0,0,-1,-1,0,-1,0.017882,1,1,0,1,
"710815923171672000","710815923171672000","f18_fabricio","@UFPA_Oficial meu sonho ????????????",,"0","[]","[{u'id': 82086393, u'indices': [0, 13], u'id_str': u'82086393', u'screen_name': u'UFPA_Oficial', u'name': u'UFPA'}]","NULL","NULL","NULL","Cametá, Brasil","25","199","2016-03-18 13:11:37","twitter_ufpa","9","3","0","6","NULL","0","0","951289924984798","10207501925518729","1022105604535423",0,1,0,1,1,1,0.009,0,1,0,1,
"710851057992204000","710851057992204000","Cer_LianaCastro","RECONHECIMENTO - recebemos hoje no LC Studio a formanda Poliana Alves, da turma Enfermagem UFPA… https://t.co/TKduS2KFGS",,"0","[]","[]","[[[-48.623684, -1.526453], [-48.295911, -1.526453], [-48.295911, -1.019406], [-48.623684, -1.019406]]]","-1.2729295,-48.4597975","Belém, Brazil","Belém Pará (91) 3351-9333","273","469","2016-03-18 15:31:13","twitter_ufpa","3","2","0","1","NULL","0","0","10207501925518729","481008992083404","1054803564576568",0,0,0,0,0,0,0.012105,1,0,0,1,
"710870394576749000","710870394576749000","_waitygor","@piah_ @Curitiba_PMC @MercadoCtba EU QUERO ME LEVA",,"0","[]","[{u'id': 306397642, u'indices': [0, 6], u'id_str': u'306397642', u'screen_name': u'piah_', u'name': u'Gabs u2693'}, {u'id': 68693419, u'indices': [7, 20], u'id_str': u'68693419', u'screen_name': u'Curitiba_PMC', u'name': u'Prefeitura Curitiba'}, {u'id': 116467537, u'indices': [21, 33], u'id_str': u'116467537', u'screen_name': u'MercadoCtba', u'name': u'Mercado Municipal'}]","NULL","NULL","NULL","Belém, Pará, Brasil","151","132","2016-03-18 16:48:04","twitter_curitiba","3","2","0","1","NULL","0","0","10207501925518729","1022105604535423","967101706713483",0,1,0,0,0,1,0.019286,1,0,0,1,
"711208677135483000","711208677135483000","Sara_vasc","@leiomaurobonna Meu voto é para @EmmTourinho novamente porque acredito ser o melhor para a UFPA,  mostrou-se um excelente gestor",,"1","[]","[{u'id': 178061411, u'indices': [0, 15], u'id_str': u'178061411', u'screen_name': u'leiomaurobonna', u'name': u'Mauro Bonna'}, {u'id': 4907162793, u'indices': [32, 44], u'id_str': u'4907162793', u'screen_name': u'EmmTourinho', u'name': u'Emmanuel Tourinho'}]","NULL","NULL","NULL","Belém","175","340","2016-03-19 15:12:16","twitter_ufpa","3","3","0","0","NULL","0","0","805075212894032","251044251911114","942667965849460",1,1,1,1,1,1,0.062235,1,1,1,1,
"711222812418122000","711222812418122000","jujatahy","#souEmmanuelGilmar porque a UFPA precisa estar preparada para os desafios anunciados pela crise, e estará com @EmmTourinho .",,"2","[{u'indices': [0, 18], u'text': u'souEmmanuelGilmar'}]","[{u'id': 4907162793, u'indices': [110, 122], u'id_str': u'4907162793', u'screen_name': u'EmmTourinho', u'name': u'Emmanuel Tourinho'}]","NULL","NULL","NULL","NULL","58","116","2016-03-19 16:08:27","twitter_ufpa","3","3","0","0","NULL","0","0","805075212894032","251044251911114","942667965849460",0,1,-1,-1,0,-1,0.005529,1,1,1,1,
"711235019235262000","711235019235262000","AdamDreyton","@leiomaurobonna João Weyl @Joaoweyl, sem dúvidas, a melhor opção para reitor da  UFPA @joaoreitorufpa. Propostas em https://t.co/Ft4DfNcbZ0",,"1","[]","[{u'id': 178061411, u'indices': [0, 15], u'id_str': u'178061411', u'screen_name': u'leiomaurobonna', u'name': u'Mauro Bonna'}, {u'id': 177196212, u'indices': [26, 35], u'id_str': u'177196212', u'screen_name': u'Joaoweyl', u'name': u'Joxe3o Weyl'}, {u'id': 700450391465582592, u'indices': [86, 101], u'id_str': u'700450391465582592', u'screen_name': u'joaoreitorufpa', u'name': u'Joxe3o Reitor - UFPA'}]","NULL","NULL","NULL","Belém, Brasil","24","45","2016-03-19 16:56:57","twitter_ufpa","7","3","0","1","NULL","3","0","10207501925518729","1022105604535423","1022105604535423",1,1,-1,0,1,-1,0.018957,1,1,0,1,
"711252867366183000","711252867366183000","IdileuzaRocha","@leiomaurobonna #souEmmanuelGilmar para a reitoria da  nossa UFPA! ????",,"0","[{u'indices': [16, 34], u'text': u'souEmmanuelGilmar'}]","[{u'id': 178061411, u'indices': [0, 15], u'id_str': u'178061411', u'screen_name': u'leiomaurobonna', u'name': u'Mauro Bonna'}]","NULL","NULL","NULL","NULL","3","7","2016-03-19 18:07:52","twitter_ufpa","5","2","2","1","NULL","0","0","951289924984798","10207501925518729","10207501925518729",0,0,1,0,0,0,0,0,0,0,1,
"711263113769853000","711263113769853000","silvanarossy","@leiomaurobonna  Meu voto é para o #joaoreitor o melhor candidato para reitoria da UFPA https://t.co/CKFIV0vsuw",,"0","[{u'indices': [35, 46], u'text': u'joaoreitor'}]","[{u'id': 178061411, u'indices': [0, 15], u'id_str': u'178061411', u'screen_name': u'leiomaurobonna', u'name': u'Mauro Bonna'}]","NULL","NULL","NULL","Belém - Pará","488","653","2016-03-19 18:48:35","twitter_ufpa","3","3","0","0","NULL","0","0","1022105604535423","481008992083404","251044251911114",1,1,1,1,1,1,0.033111,1,1,0,1,
"711287460152521000","711287460152521000","leonadublyer","Programação celebra Dia Internacional contra a Discriminação: Evento será nesta segunda-feira, 21, na UFPA.  A... https://t.co/4jB2tQqCUr",,"0","[]","[]","NULL","NULL","NULL","NULL","1114","417","2016-03-19 20:25:20","twitter_ufpa","3","2","0","1","NULL","0","0","10207501925518729","1054803564576568",,0,1,-1,1,0,1,-0.028632,1,0,-1,1,
"711287469228962000","711287469228962000","n3ss4_cr1s","Programação celebra Dia Internacional contra a Discriminação: Evento será nesta segunda-feira, 21, na UFPA.  A... https://t.co/ebeGiazJOM",,"0","[]","[]","NULL","NULL","NULL","NULL","56","76","2016-03-19 20:25:22","twitter_ufpa","3","2","0","1","NULL","0","0","10207501925518729","481008992083404","1022105604535423",0,1,-1,1,0,1,-0.030222,1,0,-1,1,
"711359763750248000","711359763750248000","edvaroliveira","@leiomaurobonna Por uma nova @UFPA_Oficial  meu voto é @Joaoweyl... chega de mesmice na universidade, agora é hora de mudar #joaoreitor",,"4","[{u'indices': [124, 135], u'text': u'joaoreitor'}]","[{u'id': 178061411, u'indices': [0, 15], u'id_str': u'178061411', u'screen_name': u'leiomaurobonna', u'name': u'Mauro Bonna'}, {u'id': 82086393, u'indices': [29, 42], u'id_str': u'82086393', u'screen_name': u'UFPA_Oficial', u'name': u'UFPA'}, {u'id': 177196212, u'indices': [55, 64], u'id_str': u'177196212', u'screen_name': u'Joaoweyl', u'name': u'Joxe3o Weyl'}]","NULL","NULL","NULL","Belém - Pará","267","266","2016-03-20 01:12:38","twitter_ufpa","4","3","0","1","NULL","0","0","10207501925518729","951289924984798","1054803564576568",0,0,0,1,0,0,0.0204,0,-1,0,1,
"711362654951117000","711362654951117000","tassiocarv","@leiomaurobonna @joaoreitorufpa é o melhor para a UFPA.",,"0","[]","[{u'id': 178061411, u'indices': [0, 15], u'id_str': u'178061411', u'screen_name': u'leiomaurobonna', u'name': u'Mauro Bonna'}, {u'id': 700450391465582592, u'indices': [16, 31], u'id_str': u'700450391465582592', u'screen_name': u'joaoreitorufpa', u'name': u'Joxe3o Reitor - UFPA'}]","NULL","NULL","NULL","NULL","18","48","2016-03-20 01:24:08","twitter_ufpa","3","2","0","1","NULL","0","0","805075212894032","849941985109873","1022105604535423",1,1,1,1,1,1,0.031857,1,1,0,1,
"711364939861115000","711364939861115000","jams_souza","@Renato_Frances @leiomaurobonna Sem dúvida #joaoreitor é o melhor para a @UFPA_Oficial",,"2","[{u'indices': [43, 54], u'text': u'joaoreitor'}]","[{u'id': 701428513228922880, u'indices': [0, 15], u'id_str': u'701428513228922880', u'screen_name': u'Renato_Frances', u'name': u'Renato Fances'}, {u'id': 178061411, u'indices': [16, 31], u'id_str': u'178061411', u'screen_name': u'leiomaurobonna', u'name': u'Mauro Bonna'}, {u'id': 82086393, u'indices': [73, 86], u'id_str': u'82086393', u'screen_name': u'UFPA_Oficial', u'name': u'UFPA'}]","NULL","NULL","NULL","NULL","180","148","2016-03-20 01:33:12","twitter_ufpa","3","3","0","0","NULL","0","0","1022105604535423","251044251911114","805075212894032",0,0,-1,1,1,1,0.003154,0,1,0,1,
"711368634933907000","711368634933907000","nandraribeiro","@leiomaurobonna #souEmmanuelGilmar pela pós-graduação de alto nível na UFPA multicampi.",,"1","[{u'indices': [16, 34], u'text': u'souEmmanuelGilmar'}]","[{u'id': 178061411, u'indices': [0, 15], u'id_str': u'178061411', u'screen_name': u'leiomaurobonna', u'name': u'Mauro Bonna'}]","NULL","NULL","NULL","NULL","5","36","2016-03-20 01:47:53","twitter_ufpa","3","2","0","1","NULL","0","0","251044251911114","942667965849460","1080528071986701",0,0,0,0,0,0,0.015111,0,0,0,1,
"711538100112105000","711538100112105000","Ira_Sampaio","@anavallinoto, está sendo maravilhoso, nunca vi tamanha mobilização na UFPA. É a união em torno de Emmanuel -Gilmar está sensacional.",,"0","[]","[{u'id': 38321154, u'indices': [0, 13], u'id_str': u'38321154', u'screen_name': u'anavallinoto', u'name': u'Ana Maria Vallinoto'}]","NULL","NULL","NULL","Belém - Pará","143","125","2016-03-20 13:01:17","twitter_ufpa","3","3","0","0","NULL","0","0","805075212894032","251044251911114","942667965849460",0,0,1,1,1,1,0.068062,1,1,1,1,
"711709668532425000","711709668532425000","silvanarossy","Isso é o que acontece qdo você escolhe o candidato errado. Por isso, pra @UFPA_Oficial  meu voto é #joaoreitor  https://t.co/HvZS7T7QSM",,"1","[{u'indices': [99, 110], u'text': u'joaoreitor'}]","[{u'id': 82086393, u'indices': [73, 86], u'id_str': u'82086393', u'screen_name': u'UFPA_Oficial', u'name': u'UFPA'}]","NULL","NULL","NULL","Belém - Pará","488","653","2016-03-21 00:23:02","twitter_ufpa","3","2","0","1","NULL","0","0","10207501925518729","1022105604535423","1701828520084643",0,0,-1,-1,-1,-1,-0.0286,-1,-1,-1,1,
"711747499300676000","711747499300676000","esoliveira_","E que baita cidade que é Curitiba. Aguardando as próximas oportunidades de voltar. @Curitiba_PMC",,"0","[]","[{u'id': 68693419, u'indices': [83, 96], u'id_str': u'68693419', u'screen_name': u'Curitiba_PMC', u'name': u'Prefeitura Curitiba'}]","NULL","NULL","NULL","Caxias do Sul","86","178","2016-03-21 02:53:22","twitter_curitiba","3","3","0","0","NULL","0","0","10207501925518729","1022105604535423","1333261746689944",-1,0,-1,-1,-1,-1,0.013615,0,-1,0,1,
"711911522742698000","711911522742698000","adios_jon","minina na rua que vou pra ufpa o aura tá 0,30 centavos a unidade amei? adorei? achei tudo?",,"0","[]","[]","NULL","NULL","NULL","cidade dos seriados","4032","816","2016-03-21 13:45:08","twitter_ufpa","3","2","0","1","NULL","0","0","10207501925518729","1333261746689944",,0,0,1,0,1,1,0.012,1,0,0,1,
"711933613714047000","711933613714047000","Gueras80","@Curitiba_PMC Obrigado pela dica com as fezes dos animais. Regulamente o UBER e respeite a vontade da população sem corporativismo.",,"0","[]","[{u'id': 68693419, u'indices': [0, 13], u'id_str': u'68693419', u'screen_name': u'Curitiba_PMC', u'name': u'Prefeitura Curitiba'}]","NULL","NULL","NULL","NULL","24","177","2016-03-21 15:12:55","twitter_curitiba","6","5","0","1","NULL","0","0","10207501925518729","481008992083404","1022105604535423",1,1,1,1,1,1,0.044478,1,-1,-1,1,
"711951297587638000","711951297587638000","rudyeri_","@UFPA_Oficial é assim, eu já curso na ufpa da minha cidade, mas to esperando o resultado da repescagem Se eu entrar e quiser mudar de curso",,"0","[]","[{u'id': 82086393, u'indices': [0, 13], u'id_str': u'82086393', u'screen_name': u'UFPA_Oficial', u'name': u'UFPA'}]","NULL","NULL","NULL","NULL","317","418","2016-03-21 16:23:11","twitter_ufpa","5","2","0","3","NULL","0","0","1038636122878195","10207501925518729","1022105604535423",0,1,0,0,0,1,0.005583,1,-1,0,1,
"711984951000838000","711984951000838000","anitadrika","Às vzs dá vontade d morar em Curitiba só por causa do amor pela @Curitiba_PMC ?",,"0","[]","[{u'id': 68693419, u'indices': [64, 77], u'id_str': u'68693419', u'screen_name': u'Curitiba_PMC', u'name': u'Prefeitura Curitiba'}]","NULL","NULL","NULL","Recife, Pernambuco","245","204","2016-03-21 18:36:55","twitter_curitiba","3","3","0","0","NULL","0","0","805075212894032","1022105604535423","481008992083404",1,1,1,1,1,1,0.045563,0,0,0,1,
"712085827174703000","712085827174703000","ariloureiro","@leiomaurobonna  UFPA aberta, coletiva e cidadã. Graduação nota 10",,"0","[]","[{u'id': 178061411, u'indices': [0, 15], u'id_str': u'178061411', u'screen_name': u'leiomaurobonna', u'name': u'Mauro Bonna'}]","NULL","NULL","NULL","Belém/Pará","25","85","2016-03-22 01:17:45","twitter_ufpa","5","4","0","1","NULL","0","0","1038636122878195","10207501925518729","1022105604535423",0,0,0,0,0,0,0.10075,1,1,1,1,
"712089435345654000","712089435345654000","silvanarossy","Obrigada @leiomaurobonna por tocar num problema crítico: os cães na @UFPA_Oficial. Gestão atual ignora.",,"1","[]","[{u'id': 178061411, u'indices': [9, 24], u'id_str': u'178061411', u'screen_name': u'leiomaurobonna', u'name': u'Mauro Bonna'}, {u'id': 82086393, u'indices': [68, 81], u'id_str': u'82086393', u'screen_name': u'UFPA_Oficial', u'name': u'UFPA'}]","NULL","NULL","NULL","Belém - Pará","488","653","2016-03-22 01:32:06","twitter_ufpa","3","2","1","0","NULL","0","0","10207501925518729","1149345581743917","1054803564576568",-1,1,-1,-1,-1,-1,0.000353,-1,-1,-1,1,
"712092258850513000","712092258850513000","marciafontesp","@leiomaurobonna #joaoreitor sabe da realidade da UFPA e sabe que a interiorização tem que avançar muito para uma universidade melhor!",,"3","[{u'indices': [16, 27], u'text': u'joaoreitor'}]","[{u'id': 178061411, u'indices': [0, 15], u'id_str': u'178061411', u'screen_name': u'leiomaurobonna', u'name': u'Mauro Bonna'}]","NULL","NULL","NULL","NULL","155","278","2016-03-22 01:43:19","twitter_ufpa","5","3","0","0","NULL","2","0","10207501925518729","951289924984798",,0,0,0,0,1,1,0.02215,1,1,0,1,
"712094644310549000","712094644310549000","silvanarossy","@leiomaurobonna #JoaoReitor  que adota cães, jamais daria uma solução desumana para os animais da @UFPA_Oficial.",,"1","[{u'indices': [16, 27], u'text': u'JoaoReitor'}]","[{u'id': 178061411, u'indices': [0, 15], u'id_str': u'178061411', u'screen_name': u'leiomaurobonna', u'name': u'Mauro Bonna'}, {u'id': 82086393, u'indices': [98, 111], u'id_str': u'82086393', u'screen_name': u'UFPA_Oficial', u'name': u'UFPA'}]","NULL","NULL","NULL","Belém - Pará","488","653","2016-03-22 01:52:47","twitter_ufpa","3","3","0","0","NULL","0","0","1022105604535423","1164364220309460","805075212894032",-1,1,-1,0,0,-1,0.0042,0,-1,-1,1,
"712099403503440000","712099403503440000","evelin_helena","@leiomaurobonna A entrevista no Argumento só confirmou que o @joaoreitorufpa é o melhor para a @UFPA_Oficial! #JoaoReitor",,"0","[{u'indices': [110, 121], u'text': u'JoaoReitor'}]","[{u'id': 178061411, u'indices': [0, 15], u'id_str': u'178061411', u'screen_name': u'leiomaurobonna', u'name': u'Mauro Bonna'}, {u'id': 700450391465582592, u'indices': [61, 76], u'id_str': u'700450391465582592', u'screen_name': u'joaoreitorufpa', u'name': u'Joxe3o Reitor - UFPA'}, {u'id': 82086393, u'indices': [95, 108], u'id_str': u'82086393', u'screen_name': u'UFPA_Oficial', u'name': u'UFPA'}]","NULL","NULL","NULL","Belém do Pará","19","16","2016-03-22 02:11:42","twitter_ufpa","3","3","0","0","NULL","0","0","805075212894032","849941985109873","1022105604535423",1,1,-1,1,1,1,-0.030765,0,0,0,1,
"712259549953200000","712259549953200000","CamaraCuritiba","O projeto cria condições p/ que a @Curitiba_PMC execute ações emergenciais de combate ao #aedesaegypti.   ???????? https://t.co/YpJMKIkWXV",,"0","[{u'indices': [89, 102], u'text': u'aedesaegypti'}]","[{u'id': 68693419, u'indices': [34, 47], u'id_str': u'68693419', u'screen_name': u'Curitiba_PMC', u'name': u'Prefeitura Curitiba'}]","NULL","NULL","NULL","Curitiba - Paraná","7438","98","2016-03-22 12:48:04","twitter_curitiba","4","2","1","1","NULL","0","0","10207501925518729","1333261746689944","1054803564576568",-1,-1,-1,-1,0,-1,-0.020563,0,0,0,1,
"712290583038050000","712290583038050000","TinaLopes","Me deu branco no hífen em pá-carregadeira e quem me socorreu foi o Telegramática da @Curitiba_PMC !",,"0","[]","[{u'id': 68693419, u'indices': [84, 97], u'id_str': u'68693419', u'screen_name': u'Curitiba_PMC', u'name': u'Prefeitura Curitiba'}]","NULL","NULL","NULL","NULL","445","587","2016-03-22 14:51:23","twitter_curitiba","3","2","0","1","NULL","0","0","10207501925518729","481008992083404","951289924984798",1,0,1,1,1,0,0,1,-1,0,1,
"712297918477279000","712297918477279000","mayrondeeiroz","já falei que amo o jeito que a @Curitiba_PMC divulga suas informações? JJFJSKSKKAK USOU MAGIC, VÉI! SENSACIONAL! https://t.co/TFLR5s3Lrt",,"0","[]","[{u'id': 68693419, u'indices': [31, 44], u'id_str': u'68693419', u'screen_name': u'Curitiba_PMC', u'name': u'Prefeitura Curitiba'}]","[[[-49.3916434, -25.6447517], [-49.1852775, -25.6447517], [-49.1852775, -25.3457471], [-49.3916434, -25.3457471]]]","-25.4952494,-49.28846045","Curitiba, Brazil","Curitiba, Brasil","265","110","2016-03-22 15:20:32","twitter_curitiba","3","3","0","0","NULL","0","0","10207501925518729","481008992083404","1022105604535423",1,1,1,1,1,1,0.11675,1,1,0,1,
"712308693895926000","712308693895926000","anandafagundes","@nataliares passei em enfermagem na UFPA.Vou cursar e tentar mudar.Eu ate faria cursinho denovo,mas ta mt caro,não tem como.Na fed é gratis",,"0","[]","[{u'id': 494972553, u'indices': [0, 11], u'id_str': u'494972553', u'screen_name': u'nataliares', u'name': u'snap resende.nat'}]","NULL","NULL","NULL","NULL","140","180","2016-03-22 16:03:21","twitter_ufpa","3","2","0","1","NULL","0","0","10207501925518729","951289924984798","481008992083404",0,0,-1,-1,0,1,-0.007719,1,0,0,1,
"712390595625538000","712390595625538000","LuanaBighi","@ne_wi @Curitiba_PMC que foto linda *-*",,"0","[]","[{u'id': 370998114, u'indices': [0, 6], u'id_str': u'370998114', u'screen_name': u'ne_wi', u'name': u'Willian Leite'}, {u'id': 68693419, u'indices': [7, 20], u'id_str': u'68693419', u'screen_name': u'Curitiba_PMC', u'name': u'Prefeitura Curitiba'}]","NULL","NULL","NULL","Osasco, Colombo","7","35","2016-03-22 21:28:48","twitter_curitiba","3","3","0","0","NULL","0","0","10207501925518729","967101706713483","481008992083404",1,1,1,1,1,1,0.137667,1,1,1,1,
"712425158372430000","712425158372430000","jomardemello","""Meu espírito é amplo; eu contenho multidões."" Walt Whitman #curitilover #CompartilheONossoParana @Curitiba_PMC https://t.co/mKdQWMHrKV",,"0","[{u'indices': [60, 72], u'text': u'curitilover'}, {u'indices': [73, 97], u'text': u'CompartilheONossoParana'}]","[{u'id': 68693419, u'indices': [98, 111], u'id_str': u'68693419', u'screen_name': u'Curitiba_PMC', u'name': u'Prefeitura Curitiba'}]","NULL","NULL","NULL","Brasil","143","170","2016-03-22 23:46:08","twitter_curitiba","11","4","0","6","NULL","0","1","1333261746689944","1022105604535423","988762107874460",0,1,0,0,0,1,0.07,-1,1,0,1,
"712452865458106000","712452865458106000","IgoMartini","O organizador do Festival de Teatro de Curitiba agradeceu o prefeito @gustavofruet pelo apoio da @Curitiba_PMC  ao #FestivalTeatroCuritiba",,"0","[{u'indices': [115, 138], u'text': u'FestivalTeatroCuritiba'}]","[{u'id': 33642328, u'indices': [69, 82], u'id_str': u'33642328', u'screen_name': u'gustavofruet', u'name': u'Gustavo Fruet'}, {u'id': 68693419, u'indices': [97, 110], u'id_str': u'68693419', u'screen_name': u'Curitiba_PMC', u'name': u'Prefeitura Curitiba'}]","NULL","NULL","NULL","Curitiba, Paraná","746","1055","2016-03-23 01:36:14","twitter_curitiba","3","3","0","0","NULL","0","0","10207501925518729","481008992083404","951289924984798",1,1,1,1,0,1,0.044857,1,0,0,1,
"712458850411090000","712458850411090000","b1elo","@linecaastro Mc Mayara tinha que receber uma honraria da prefeitura de Curitiba pela sua contribuição a cultura. Ela é + q d + hahahahahah",,"0","[]","[{u'id': 89199472, u'indices': [0, 12], u'id_str': u'89199472', u'screen_name': u'linecaastro', u'name': u'aline castro'}]","NULL","NULL","NULL","NULL","226","204","2016-03-23 02:00:01","twitter_curitiba","3","2","0","0","NULL","1","0","10207501925518729","481008992083404",,1,1,1,1,1,1,0.070529,1,1,1,1,
"712605721507021000","712605721507021000","ica_ufpa","Professor Aldo Vieira (FacMat/ICEN) fala sobre a base nacional comum curricular. O vídeo faz parte do acervo... https://t.co/KoLgIXfrRy",,"1","[]","[]","NULL","NULL","NULL","Belém","935","370","2016-03-23 11:43:38","twitter_ufpa","5","2","0","3","NULL","0","0","10207501925518729","1022105604535423",,0,0,0,0,0,0,0.007773,-1,-1,0,1,
"712610730806219000","712610730806219000","escapethesam","@Curitiba_PMC bom dia meu amor?",,"0","[]","[{u'id': 68693419, u'indices': [0, 13], u'id_str': u'68693419', u'screen_name': u'Curitiba_PMC', u'name': u'Prefeitura Curitiba'}]","NULL","NULL","NULL","CWB,PR","557","828","2016-03-23 12:03:32","twitter_curitiba","3","3","0","0","NULL","0","0","251044251911114","942667965849460","805075212894032",1,1,1,1,1,1,0.375,1,1,1,1,
"712632849199923000","712632849199923000","bethcharizard","@maddiesmt amiga eu to praticamente fazendo isso porque realmente nao quero pisar na ufpa hoje",,"0","[]","[{u'id': 2576941009, u'indices': [0, 10], u'id_str': u'2576941009', u'screen_name': u'maddiesmt', u'name': u'Maddiando'}]","NULL","NULL","NULL","Beacon Hills","1181","981","2016-03-23 13:31:25","twitter_ufpa","3","2","0","1","NULL","0","0","10207501925518729","1022105604535423","481008992083404",0,1,1,1,0,1,0.037588,1,1,1,1,
"712639005469315000","712639005469315000","lulzs","@WesleySafadao CADÊ AQUELE ABRAÇO PRA @Curitiba_PMC",,"0","[]","[{u'id': 62823322, u'indices': [0, 14], u'id_str': u'62823322', u'screen_name': u'WesleySafadao', u'name': u'Wesley Safadxe3o'}, {u'id': 68693419, u'indices': [38, 51], u'id_str': u'68693419', u'screen_name': u'Curitiba_PMC', u'name': u'Prefeitura Curitiba'}]","NULL","NULL","NULL","kombi","354","244","2016-03-23 13:55:53","twitter_curitiba","3","2","0","1","NULL","0","0","805075212894032","1038636122878195","10207501925518729",0,1,1,0,0,1,0.015429,1,0,0,1,
"712641542838751000","712641542838751000","maxinunes","@Curitiba_PMC tava só de passagem pegando o ônibus, amanhã eu aviso. ;)",,"0","[]","[{u'id': 68693419, u'indices': [0, 13], u'id_str': u'68693419', u'screen_name': u'Curitiba_PMC', u'name': u'Prefeitura Curitiba'}]","NULL","NULL","NULL","Curitiba - PR","47","100","2016-03-23 14:05:58","twitter_curitiba","4","3","0","1","NULL","0","0","10207501925518729","1022105604535423",,0,0,0,1,-1,0,0.039273,-1,-1,0,1,
"712703056391987000","712703056391987000","denisetoniolo","Prefeitura reduz despesa com remuneração de cargos comissionados - Prefeitura de Curitiba https://t.co/tP2vU5TGrt",,"0","[]","[]","NULL","NULL","NULL","Curitiba","1102","1716","2016-03-23 18:10:24","twitter_curitiba","3","2","0","1","NULL","0","0","10207501925518729","481008992083404","1054803564576568",0,0,0,-1,0,0,0,-1,0,0,1,
"712767455228273000","712767455228273000","xxxclemo","VOU CHEGAR NA UFPA FALANDO B I C T H BITCH I'M HEREEEEE",,"0","[]","[]","[[[-48.623684, -1.526453], [-48.295911, -1.526453], [-48.295911, -1.019406], [-48.623684, -1.019406]]]","-1.2729295,-48.4597975","Belém, Brazil","Belém, Pará, Brasil DIÁRIO FM!","542","453","2016-03-23 22:26:18","twitter_ufpa","3","2","0","1","NULL","0","0","10207501925518729","481008992083404","1054803564576568",0,-1,-1,0,1,-1,0.002214,0,-1,0,1,
"712893409351041000","712893409351041000","lekamyself","Ai que linda a prefs de @Curitiba_PMC tbm ta no twitter! Melhor prefeitura! ?",,"0","[]","[{u'id': 68693419, u'indices': [24, 37], u'id_str': u'68693419', u'screen_name': u'Curitiba_PMC', u'name': u'Prefeitura Curitiba'}]","[[[-48.285982, -16.0524045], [-47.307264, -16.0524045], [-47.307264, -15.5001029], [-48.285982, -15.5001029]]]","-15.7762537,-47.796623","Brasília, Brazil","Brasília, Brasil","548","541","2016-03-24 06:46:48","twitter_curitiba","3","2","0","0","NULL","1","0","10207501925518729","951289924984798","1054803564576568",1,1,1,1,1,1,0.028462,1,1,1,1,
"712928615390949000","712928615390949000","financas","Prefeitura de Curitiba prorroga prazo para negociar dívidas de impostos: Segundo a Prefeitura de Curitiba , sã... https://t.co/z91YeSnpTY",,"0","[]","[]","NULL","NULL","NULL","São Paulo, Brazil","2697","235","2016-03-24 09:06:42","twitter_curitiba","3","2","0","1","NULL","0","0","10207501925518729","481008992083404","1054803564576568",0,0,-1,1,0,0,0.017773,0,1,0,1,
"713038420403216000","713038420403216000","benassule","UFPA tem greve, mas também tem professor que não atrasa o conteúdo. Tem auxílio estudantil e bolsa de extensão e monitoria.",,"0","[]","[]","NULL","NULL","NULL","Belém, Pará","163","132","2016-03-24 16:23:01","twitter_ufpa","3","2","1","0","NULL","0","0","10207501925518729","1333261746689944","951289924984798",-1,0,-1,1,0,-1,0.039792,1,0,0,1,
"713052578574000000","713052578574000000","Carrepu","Estão abertas as inscrições para o CURSO PRESENCIAL do concurso público da Prefeitura de Curitiba - Prova... https://t.co/qln6muEfQS",,"0","[]","[]","NULL","NULL","NULL","Curitiba, Paraná","121","640","2016-03-24 17:19:17","twitter_curitiba","3","2","0","1","NULL","0","0","10207501925518729","1054803564576568","481008992083404",1,1,1,1,0,0,0.023579,1,1,1,1,
"713108051545493000","713108051545493000","DayBiotec","Baixei muitas coisas... obrigada UFPA",,"0","[]","[]","NULL","NULL","NULL","NULL","57","177","2016-03-24 20:59:43","twitter_ufpa","3","2","0","0","NULL","1","0","1198194900225799","1333261746689944","1763655113854603",1,1,1,1,1,1,0.086857,-1,-1,-1,1,
"713114334604501000","713114334604501000","cassiobatista","Ia ser top essa Páscoa na UFPa",,"0","[]","[]","NULL","NULL","NULL","Belém, Pará","145","149","2016-03-24 21:24:41","twitter_ufpa","3","2","0","0","NULL","1","0","251044251911114","942667965849460","1080528071986701",1,1,0,1,0,1,0.008143,0,1,0,1,
"713320969507627000","713320969507627000","rodratu","@Curitiba_PMC prefs to indo ai te ver...pasar a pascoa por ai =)",,"0","[]","[{u'id': 68693419, u'indices': [0, 13], u'id_str': u'68693419', u'screen_name': u'Curitiba_PMC', u'name': u'Prefeitura Curitiba'}]","NULL","NULL","NULL","Londrina - PR","127","162","2016-03-25 11:05:46","twitter_curitiba","3","2","0","1","NULL","0","0","10207501925518729","1022105604535423","481008992083404",0,0,0,0,0,1,0,-1,1,0,1,
"713385233182142000","713385233182142000","FabioRangel10","Aniversário de Curitiba terá show gratuito com Elba Ramalho e Alceu Valença - Prefeitura de Curitiba https://t.co/bK8bVtzwIR",,"0","[]","[]","NULL","NULL","NULL","João Pessoa  -PB; Curitiba -PR","85","324","2016-03-25 15:21:08","twitter_curitiba","3","2","0","1","NULL","0","0","10207501925518729","1149345581743917",,1,1,0,1,1,1,0.083429,1,1,0,1,
"713400727444402000","713400727444402000","Carrepu","Estão abertas as inscrições para o CURSO PRESENCIAL do concurso público da Prefeitura de Curitiba - Prova... https://t.co/52dGjMhDZi",,"0","[]","[]","NULL","NULL","NULL","Curitiba, Paraná","121","640","2016-03-25 16:22:42","twitter_curitiba","4","2","1","1","NULL","0","0","10207501925518729","951289924984798","1333261746689944",1,1,1,1,0,0,0.024889,1,1,1,1,
"713560356438848000","713560356438848000","bifecomfarofa","O Dunga tem que colocar um professor de cálculo da ufpa pra zagueiro da seleção que esse não deixa ninguém passar.  #zoiranuncapara",,"0","[{u'indices': [116, 131], u'text': u'zoiranuncapara'}]","[]","NULL","NULL","NULL","NULL","178","426","2016-03-26 02:57:00","twitter_ufpa","4","2","1","1","NULL","0","0","10207501925518729","951289924984798","1198194900225799",1,1,0,0,0,1,0.011727,0,0,0,1,
"713641152596075000","713641152596075000","korewaLayfon","@jultear JULIANA PARABÉNS POR TER PASSADO NA UFPA",,"0","[]","[{u'id': 2275002883, u'indices': [0, 8], u'id_str': u'2275002883', u'screen_name': u'jultear', u'name': u'sweetie little jean'}]","NULL","NULL","NULL","Belém, Pará","162","77","2016-03-26 08:18:04","twitter_ufpa","3","2","0","0","NULL","1","0","10207501925518729","1149345581743917",,0,1,1,1,1,1,0,0,-1,-1,1,
"713673463437869000","713673463437869000","azellite","Vida Universitária já saiu! https://t.co/H0a4XrWavu Graças a @UFPA_Oficial @estreladalvams @Biblio_PUCRIO https://t.co/amOj7IYf0A",,"0","[]","[{u'id': 82086393, u'indices': [61, 74], u'id_str': u'82086393', u'screen_name': u'UFPA_Oficial', u'name': u'UFPA'}, {u'id': 144936558, u'indices': [75, 90], u'id_str': u'144936558', u'screen_name': u'estreladalvams', u'name': u'Iza Di Cxe1ssia'}, {u'id': 58570193, u'indices': [91, 105], u'id_str': u'58570193', u'screen_name': u'Biblio_PUCRIO', u'name': u'Bibliotecas PUC-Rio'}]","NULL","NULL","NULL","Brazil","1234","1926","2016-03-26 10:26:27","twitter_ufpa","5","2","0","3","NULL","0","0","1038636122878195","10207501925518729","1022105604535423",0,1,1,0,1,1,0.04665,1,0,0,1,
707268704472539000,707268704472539000,"erikamorhy","Prefeitura de Belém é muito case de sucesso, gente...",,0,"[]","[]","NULL","NULL","NULL","Belém (BRA)-Buenos Aires (AR)",1050,1008,"2016-03-08 18:16:14","twitter_belem",2,1,0,0,"NULL",1,0,,1022105604535420,,1,1,1,1,1,1,0.017667,1,0,1,1,
707290789781643000,707290789781643000,"denisetoniolo","Prefeito assina ordem de serviço para implantação de calçadão no Cajuru - Prefeitura de Curitiba https://t.co/4DIYuooSpu",,0,"[]","[]","NULL","NULL","NULL","Curitiba",1102,1716,"2016-03-08 19:43:59","twitter_curitiba",3,2,0,1,"NULL",0,0,,,,0,0,0,0,0,0,0.012294,1,0,0,1,
707321875068822000,707321875068822000,"Meguizoard","Quem sabe a @Curitiba_PMC não coloca aqui também né?  https://t.co/VuwnG7MwCN",,0,"[]","[{u'id': 68693419, u'indices': [12, 25], u'id_str': u'68693419', u'screen_name': u'Curitiba_PMC', u'name': u'Prefeitura Curitiba'}]","NULL","NULL","NULL","Manicômio, Curitiba",732,1395,"2016-03-08 21:47:31","twitter_curitiba",3,2,0,1,"NULL",0,0,,,,0,0,0,0,0,0,0.084182,0,1,0,1,
707546900723991000,707546900723991000,"EstudioAulasDF","Prefeitura de Curitiba-PR ainda inscreve para dois novos concursos. Oferta de 145 vagas nas… https://t.co/PQEvJeijx9 https://t.co/5U0jIAGLOP",,0,"[]","[]","NULL","NULL","NULL","Brasília, Distrito Federal",3090,23,"2016-03-09 12:41:41","twitter_curitiba",3,2,0,1,"NULL",0,0,,,,0,0,0,1,0,0,0.012364,1,-1,-1,1,
707573531849183000,707573531849183000,"ZambeloDesign","@Curitiba_PMC Isso ae. Sei como é trabalhar com isso, deslizes acontecem.",,0,"[]","[{u'id': 68693419, u'indices': [0, 13], u'id_str': u'68693419', u'screen_name': u'Curitiba_PMC', u'name': u'Prefeitura Curitiba'}]","NULL","NULL","NULL","Ribeirão Preto",201,401,"2016-03-09 14:27:30","twitter_curitiba",4,3,0,1,"NULL",0,0,,,,0,-1,-1,-1,0,-1,0.0138,0,1,0,1,
707573736904511000,707573736904511000,"danissaura","Queria que a urbs e a @Curitiba_PMC me ressarcissem do prejuízo que tenho, em motivo dos atrasos de ônibus, todo dia a mesma coisa",,0,"[]","[{u'id': 68693419, u'indices': [22, 35], u'id_str': u'68693419', u'screen_name': u'Curitiba_PMC', u'name': u'Prefeitura Curitiba'}]","NULL","NULL","NULL","cwbitch",222,116,"2016-03-09 14:28:19","twitter_curitiba",3,2,0,0,"NULL",0,1,,,,-1,0,-1,-1,0,-1,0.004261,0,0,0,1,
707681865348547000,707681865348547000,"denisetoniolo","Semana Saúde na Escola mobiliza rede municipal para o combate ao Aedes aegypti - Prefeitura de Curitiba https://t.co/VjB4Bqg4CM",,1,"[]","[]","NULL","NULL","NULL","Curitiba",1102,1716,"2016-03-09 21:37:59","twitter_curitiba",8,5,0,2,"NULL",1,0,,,,0,0,0,-1,0,0,0.0065,0,0,0,1,
707883868414743000,707883868414743000,"belemfala","Qual o fone para denunciar focos de aedes aegypti em Belém??? @belemtransito @prefeiturabelem @itbelem",,0,"[]","[{u'id': 35896973, u'indices': [62, 76], u'id_str': u'35896973', u'screen_name': u'belemtransito', u'name': u'Belxe9m Trxe2nsito'}, {u'id': 1934139290, u'indices': [77, 93], u'id_str': u'1934139290', u'screen_name': u'prefeiturabelem', u'name': u'Prefeitura de Belxe9m'}, {u'id': 3437979513, u'indices': [94, 102], u'id_str': u'3437979513', u'screen_name': u'itbelem', u'name': u'IT - Belxe9m'}]","NULL","NULL","NULL","Belém, Pará",136,222,"2016-03-10 11:00:40","twitter_belem",4,2,0,0,"NULL",1,1,,,,0,0,-1,0,0,0,0.004333,0,0,0,1,
707894698392875000,707894698392875000,"rutralarama","Em Belém,  o mato é mato. A @prefeituradebelem deveria roçar geral.",,0,"[]","[]","[[[-48.623684, -1.526453], [-48.295911, -1.526453], [-48.295911, -1.019406], [-48.623684, -1.019406]]]","-1.2729295,-48.4597975","Belém, Brazil","Belém do Pará - Brasil",215,175,"2016-03-10 11:43:42","twitter_belem",3,2,0,0,"NULL",0,1,,,,0,0,0,0,0,0,0.003375,-1,0,0,1,
707961411595583000,707961411595583000,"marinhofigueira","Parabéns à Prefeitura de Belém pela construção do maior reservatório de água parada da cidade, na Augusto Montenegro (clap, Clap)",,0,"[]","[]","NULL","NULL","NULL","Belém, Pará",307,252,"2016-03-10 16:08:48","twitter_belem",4,2,1,0,"NULL",1,0,,,,0,1,1,0,1,1,0.007042,1,-1,-1,1,
708003801765159000,708003801765159000,"Patrici89139242","@FaClubeRonanBBB @Curitiba_PMC @t_olho @ronanoliveira ele é simplesmente maravilhoso tinha tudo pra dar errado mas ele deu certo, vencedor",,3,"[]","[{u'id': 4809135269, u'indices': [0, 16], u'id_str': u'4809135269', u'screen_name': u'FaClubeRonanBBB', u'name': u'Fxe3Club Ronan BBB16'}, {u'id': 68693419, u'indices': [17, 30], u'id_str': u'68693419', u'screen_name': u'Curitiba_PMC', u'name': u'Prefeitura Curitiba'}, {u'id': 270974297, u'indices': [31, 38], u'id_str': u'270974297', u'screen_name': u't_olho', u'name': u'Txf4 de olho'}, {u'id': 55254015, u'indices': [39, 53], u'id_str': u'55254015', u'screen_name': u'ronanoliveira', u'name': u'Ronan de Oliveira'}]","NULL","NULL","NULL","NULL",18,52,"2016-03-10 18:57:15","twitter_curitiba",3,0,0,0,"NULL",3,0,,,,0,0,1,1,-1,1,0.126733,-1,1,1,1,
708014115927630000,708014115927630000,"IzzzaRibeiro","@Curitiba_PMC vou mandar sim, migos! &lt;3",,0,"[]","[{u'id': 68693419, u'indices': [0, 13], u'id_str': u'68693419', u'screen_name': u'Curitiba_PMC', u'name': u'Prefeitura Curitiba'}]","[[[-44.441517, -2.800361], [-44.163584, -2.800361], [-44.163584, -2.45821], [-44.441517, -2.45821]]]","-2.6292855,-44.3025505","São Luís, Brazil","São Luís, Maranhão",1355,1052,"2016-03-10 19:38:14","twitter_curitiba",3,0,0,1,"NULL",2,0,,,,0,0,1,1,0,1,0.079375,1,1,0,1,
708019849059049000,708019849059049000,"systemofasuco","aqui estou mais um dia comendo o x calabresa de 4,50 da UFPA",,0,"[]","[]","NULL","NULL","NULL","Belém",2494,929,"2016-03-10 20:01:01","twitter_ufpa",3,2,0,1,"NULL",0,0,,,,0,0,1,0,0,0,0.017857,0,0,0,1,
708079806873739000,708079806873739000,"CamaraCuritiba","Prefeito @gustavofruet falou sobre ações da @Curitiba_PMC p/ prevenção e recuperação de dependentes químicos.",,0,"[]","[{u'id': 33642328, u'indices': [9, 22], u'id_str': u'33642328', u'screen_name': u'gustavofruet', u'name': u'Gustavo Fruet'}, {u'id': 68693419, u'indices': [44, 57], u'id_str': u'68693419', u'screen_name': u'Curitiba_PMC', u'name': u'Prefeitura Curitiba'}]","NULL","NULL","NULL","Curitiba - Paraná",7410,97,"2016-03-10 23:59:16","twitter_curitiba",4,2,0,0,"NULL",2,0,,,,1,0,0,0,0,0,0.005,0,0,0,1,
708139384474890000,708139384474890000,"blogdidigalvao","Prefeitura de Belém do São Francisco divulga edital de bolsas universitárias https://t.co/iTcPRt6FkG",,0,"[]","[]","NULL","NULL","NULL","NULL",199,395,"2016-03-11 03:56:00","twitter_belem",3,2,0,0,"NULL",1,0,,,,0,0,0,1,0,0,0.022733,0,1,1,1,
708189531267150000,708189531267150000,"augustopureza","o avião chacoalhou mais que o satélite ufpa passando na lombada mas cheguemo bem",,1,"[]","[]","NULL","NULL","NULL","Belém - PA",426,301,"2016-03-11 07:15:16","twitter_ufpa",6,3,0,2,"NULL",1,0,,,,0,0,0,-1,0,1,0.050187,1,1,0,1,
708274074615677000,708274074615677000,"g1para","Escola de Aplicação da UFPA sorteia vagas para educação infantil em 2016 https://t.co/fj6szPvdCh",,0,"[]","[]","NULL","NULL","NULL","NULL",44787,0,"2016-03-11 12:51:13","twitter_ufpa",4,4,0,0,"NULL",0,0,,,,0,0,0,1,0,0,0.029053,1,-1,-1,1,
708277946721673000,708277946721673000,"Inconveniente00","vai lá miga, quem sabe alguém não te adota https://t.co/VqhJBYmhXU",,0,"[]","[]","NULL","NULL","NULL","No seu coração",379,1118,"2016-03-11 13:06:36","twitter_belem",3,2,0,1,"NULL",0,0,,,,0,1,0,0,0,-1,0.003364,0,1,0,1,
708319397396550000,708319397396550000,"celso_sabino","Neste sábado (12) tem mais uma feira de adoção de cães e gatos promovida pela prefeitura de Belém. Para... https://t.co/L3KVCtarej",,0,"[]","[]","NULL","NULL","NULL","Brasil",1017,705,"2016-03-11 15:51:18","twitter_belem",3,0,0,1,"NULL",2,0,,,,1,1,0,1,0,1,0.04835,0,-1,0,1,
708729467921961000,708729467921961000,"blogandobr","Olha quem mais uma vez foi citada como case de bom exemplo em um curso do #blogando --&gt; @Curitiba_PMC . Volta, @camibraga!",,1,"[{u'indices': [74, 83], u'text': u'blogando'}]","[{u'id': 68693419, u'indices': [91, 104], u'id_str': u'68693419', u'screen_name': u'Curitiba_PMC', u'name': u'Prefeitura Curitiba'}, {u'id': 29565653, u'indices': [114, 124], u'id_str': u'29565653', u'screen_name': u'camibraga', u'name': u'Camila Braga Maia'}]","NULL","NULL","NULL","Bauru, SP",507,736,"2016-03-12 19:00:47","twitter_curitiba",4,4,0,0,"NULL",0,0,,,,1,1,1,1,1,1,0.080769,1,0,1,1,
708737565877264000,708737565877264000,"marcionufpa2011","@EmmTourinho  Apoio os professores Tourinho e Gilmar para conduzirem a UFPa nos próximos 4 anos. Saudações",,1,"[]","[{u'id': 4907162793, u'indices': [0, 12], u'id_str': u'4907162793', u'screen_name': u'EmmTourinho', u'name': u'Emmanuel Tourinho'}]","NULL","NULL","NULL","NULL",52,107,"2016-03-12 19:32:58","twitter_ufpa",3,3,0,0,"NULL",0,0,,,,0,1,1,0,0,1,0.022933,0,-1,0,1,
708786916221592000,708786916221592000,"SumaraMaia_","@leiomaurobonna #souEmmanuelGilmar Porque a Ufpa merece o melhor!",,0,"[{u'indices': [16, 34], u'text': u'souEmmanuelGilmar'}]","[{u'id': 178061411, u'indices': [0, 15], u'id_str': u'178061411', u'screen_name': u'leiomaurobonna', u'name': u'Mauro Bonna'}]","NULL","NULL","NULL","Pará",196,158,"2016-03-12 22:49:04","twitter_ufpa",8,4,1,0,"NULL",2,1,,,,0,0,1,1,1,1,0.031857,1,1,0,1,
709128985997943000,709128985997943000,"danielkkrtt","AEROTREM BELÉM-SALINAS É MEU PROJETO PARA A PREFEITURA DE BELÉM",,0,"[]","[]","NULL","NULL","NULL","belém do pará",240,243,"2016-03-13 21:28:19","twitter_belem",3,2,0,1,"NULL",0,0,,,,0,0,0,0,0,0,0.0105,0,0,0,1,
709219408456127000,709219408456127000,"luanewbery","Olha, devo admitir, esse novo canal tá belíssimo, parabéns @prefeiturabelem https://t.co/BWDCHAsMCG",,1,"[]","[{u'id': 1934139290, u'indices': [59, 75], u'id_str': u'1934139290', u'screen_name': u'prefeiturabelem', u'name': u'Prefeitura de Belxe9m'}]","NULL","NULL","NULL","Belém",183,138,"2016-03-14 03:27:38","twitter_belem",3,1,0,0,"NULL",2,0,,,,1,1,1,1,1,1,0.066273,1,1,1,1,
709383189576471000,709383189576471000,"rclube","Moradores do Panorama XXI cobram ações da prefeitura de Belém. https://t.co/FZTxAItnD5",,1,"[]","[]","NULL","NULL","NULL","Pará",52208,62,"2016-03-14 14:18:26","twitter_belem",4,3,0,1,"NULL",0,0,,,,0,0,-1,0,0,0,0.015267,0,0,0,1,
709393334092087000,709393334092087000,"ricardohillb","@TesaoPia @Curitiba_PMC acho tesão a ciclofaixa, está de parabéns quem criou, espero que façam muitas outras, pois facilita muito a vida.",,0,"[]","[{u'id': 1056075168, u'indices': [0, 9], u'id_str': u'1056075168', u'screen_name': u'TesaoPia', u'name': u'Tesxe3o Pixe1'}, {u'id': 68693419, u'indices': [10, 23], u'id_str': u'68693419', u'screen_name': u'Curitiba_PMC', u'name': u'Prefeitura Curitiba'}]","NULL","NULL","NULL","Curitiba - PR",43,259,"2016-03-14 14:58:45","twitter_curitiba",3,3,0,0,"NULL",0,0,,,,0,1,1,1,1,1,0.083,1,0,0,1,
709410713102635000,709410713102635000,"silvanarossy","retomar a liderança da UFPA para proposição/criação de parcerias para ampliação da rede de comunicação é #joaoreitor https://t.co/EigAnZaTtP",,1,"[{u'indices': [105, 116], u'text': u'joaoreitor'}]","[]","NULL","NULL","NULL","Belém - Pará",481,646,"2016-03-14 16:07:48","twitter_ufpa",3,2,0,1,"NULL",0,0,,,,0,0,0,1,0,0,0.024042,0,0,0,1,
709457699608650000,709457699608650000,"doldiarioonline","Confira o gabarito do Vestibulinho da UFPA. https://t.co/ewvxglm3Rc https://t.co/GNewlbbHyg",,0,"[]","[]","NULL","NULL","NULL","Belém-PA",28965,10,"2016-03-14 19:14:31","twitter_ufpa",3,2,0,0,"NULL",1,0,,,,0,0,0,0,0,0,0.001312,1,0,0,1,
709488454254600000,709488454254600000,"danielmc_","Prefeitura de Belém incentivando o esporte e preparando atletas olímpicos. https://t.co/7c1geVY2Md",,0,"[]","[]","NULL","NULL","NULL","Belém/PA",244,541,"2016-03-14 21:16:43","twitter_belem",1,1,0,0,"NULL",0,0,1022105604535420,,,1,0,1,1,0,1,0.0256,0,1,1,1,
709494972374983000,709494972374983000,"arrobaluscas","outro dia eu tava na ufpa, no chão da reitoria num dia de chuva, e um garoto veio me vender cupcake. comprei um e ele sentou do meu lado",,0,"[]","[]","NULL","NULL","NULL","Belém, Pará.",1604,561,"2016-03-14 21:42:37","twitter_ufpa",3,3,0,0,"NULL",0,0,,,,0,-1,0,-1,-1,-1,0.004679,0,-1,-1,1,
709537257821245000,709537257821245000,"framboesa365","@leiomaurobonna Mauro, meu voto foi para o Prof. Emmanuel Tourinho, a melhor opção para a UFPA.",,0,"[]","[{u'id': 178061411, u'indices': [0, 15], u'id_str': u'178061411', u'screen_name': u'leiomaurobonna', u'name': u'Mauro Bonna'}]","NULL","NULL","NULL","NULL",52,19,"2016-03-15 00:30:39","twitter_ufpa",7,6,0,1,"NULL",0,0,,,,1,1,1,0,1,1,0.041615,1,1,0,1,
709541510761607000,709541510761607000,"RodrigoWanzeler","@belemblitz @Alemourao1974 @ingridsouzafoto Moradores, por conta própria, estão tapando os buracos com pedras. Obrigado, @prefeiturabelem!",,2,"[]","[{u'id': 408042125, u'indices': [0, 11], u'id_str': u'408042125', u'screen_name': u'belemblitz', u'name': u'Belxe9m Blitz'}, {u'id': 3393768533, u'indices': [12, 26], u'id_str': u'3393768533', u'screen_name': u'Alemourao1974', u'name': u'Alessandro Mourao'}, {u'id': 195590083, u'indices': [27, 43], u'id_str': u'195590083', u'screen_name': u'ingridsouzafoto', u'name': u'Ingrid Souza'}, {u'id': 1934139290, u'indices': [121, 137], u'id_str': u'1934139290', u'screen_name': u'prefeiturabelem', u'name': u'Prefeitura de Belxe9m'}]","[[[-48.623684, -1.526453], [-48.295911, -1.526453], [-48.295911, -1.019406], [-48.623684, -1.019406]]]","-1.2729295,-48.4597975","Belém, Brazil","Belém",234,170,"2016-03-15 00:47:33","twitter_belem",3,1,0,0,"NULL",2,0,,,,0,1,1,1,1,1,0.056133,0,0,-1,1,
709722787255067000,709722787255067000,"__MayOliveira_","Bom dia! (@ Belém - @prefeiturabelem in Belém, PA) https://t.co/8xp1oMRCFN",,0,"[]","[{u'id': 1934139290, u'indices': [20, 36], u'id_str': u'1934139290', u'screen_name': u'prefeiturabelem', u'name': u'Prefeitura de Belxe9m'}]","[[[-48.623684, -1.526453], [-48.295911, -1.526453], [-48.295911, -1.019406], [-48.623684, -1.019406]]]","-1.2729295,-48.4597975","Belém, Brazil","Belém, Pará",463,474,"2016-03-15 12:47:53","twitter_belem",6,1,0,2,"NULL",3,0,,,,0,1,1,0,1,1,0.0833,1,1,1,1,
709733833332154000,709733833332154000,"betojuniior","@BelemDicas o maior presente da @prefeiturabelem para a nossa cidade #Belém400anos #FazendoDoJeitoCerto",,0,"[{u'indices': [69, 82], u'text': u'Belxe9m400anos'}, {u'indices': [83, 103], u'text': u'FazendoDoJeitoCerto'}]","[{u'id': 139242195, u'indices': [0, 11], u'id_str': u'139242195', u'screen_name': u'BelemDicas', u'name': u'Belxe9m Dicas'}, {u'id': 1934139290, u'indices': [32, 48], u'id_str': u'1934139290', u'screen_name': u'prefeiturabelem', u'name': u'Prefeitura de Belxe9m'}]","[[[-48.440172, -1.465523], [-48.321967, -1.465523], [-48.321967, -1.223149], [-48.440172, -1.223149]]]","-1.344336,-48.3810695","Ananindeua, Brasil","Belém, PA",259,179,"2016-03-15 13:31:46","twitter_belem",3,2,0,0,"NULL",1,0,,,,1,1,1,1,1,1,0.07575,1,0,1,1,
709793836537684000,709793836537684000,"ReeColliins","Aula inaugural ""A pós-graduação e sua articulação com a educação básica - UFPA"". ? Com Prof° Dr.… https://t.co/FbvOeGPelt",,0,"[]","[]","[[[-48.623684, -1.526453], [-48.295911, -1.526453], [-48.295911, -1.019406], [-48.623684, -1.019406]]]","-1.2729295,-48.4597975","Belém, Brazil","Belém, Pará",1407,1145,"2016-03-15 17:30:12","twitter_ufpa",3,2,0,1,"NULL",0,0,,,,0,0,0,0,0,0,0.0715,0,1,0,1,
710059666265543000,710059666265543000,"trinlusp","Por incrível que pareça, cheguei sequinho à UFPA Hauahe",,0,"[]","[]","NULL","NULL","NULL","NULL",358,356,"2016-03-16 11:06:31","twitter_ufpa",4,4,0,0,"NULL",0,0,,,,0,0,0,1,-1,0,0,0,0,0,1,
710066384982696000,710066384982696000,"mardemcecim","@belemtransito @prefeiturabelem @SeMOB_Bel Pessoal vamos manter a calma, fique na sua faixa, não faça fila dupla e não feche o cruzamento.",,0,"[]","[{u'id': 35896973, u'indices': [0, 14], u'id_str': u'35896973', u'screen_name': u'belemtransito', u'name': u'Belxe9m Trxe2nsito'}, {u'id': 1934139290, u'indices': [15, 31], u'id_str': u'1934139290', u'screen_name': u'prefeiturabelem', u'name': u'Prefeitura de Belxe9m'}, {u'id': 104497439, u'indices': [32, 42], u'id_str': u'104497439', u'screen_name': u'SeMOB_Bel', u'name': u'SeMOB - Belxe9m'}]","NULL","NULL","NULL","Ananindeua",172,180,"2016-03-16 11:33:13","twitter_belem",3,3,0,0,"NULL",0,0,,,,0,0,1,1,0,1,0.0501,1,1,1,1,
710119928825774000,710119928825774000,"redepara","Mesmo com a crise, Prefeitura de Belém gera empregos na construção civil https://t.co/NEGzAVmUEH https://t.co/uKuo0rQllw",,0,"[]","[]","NULL","NULL","NULL","NULL",10,14,"2016-03-16 15:05:59","twitter_belem",4,3,0,0,"NULL",1,0,,,,0,0,-1,-1,0,-1,0.005933,1,1,0,1,
710120274520367000,710120274520367000,"redepara","Mesmo com a crise, Prefeitura de Belém gera empregos na construção civil https://t.co/NEGzAVmUEH https://t.co/JjfK6Qxlwx",,0,"[]","[]","NULL","NULL","NULL","NULL",10,14,"2016-03-16 15:07:21","twitter_belem",3,3,0,0,"NULL",0,0,,,,0,0,-1,-1,0,-1,0.005933,1,1,0,1,
710234605421535000,710234605421535000,"leite_reg","@prefeiturabelem Prefeito pq ao invés de extinguir cargos dos que trabalham não extingue dos políticos que não trabalham e São ladrões",,0,"[]","[{u'id': 1934139290, u'indices': [0, 16], u'id_str': u'1934139290', u'screen_name': u'prefeiturabelem', u'name': u'Prefeitura de Belxe9m'}]","NULL","NULL","NULL","Marco, Belém",20,183,"2016-03-16 22:41:40","twitter_belem",3,3,0,0,"NULL",0,0,,,,0,-1,-1,-1,-1,-1,-0.041526,-1,-1,-1,1,
710261395032547000,710261395032547000,"maisclose","@AndeSanches @jhonbogres odeia bebida, mas vai amar bebida sim pq é UFPA agora e aceita",,0,"[]","[{u'id': 366790608, u'indices': [0, 12], u'id_str': u'366790608', u'screen_name': u'AndeSanches', u'name': u'Ander soon'}, {u'id': 1529388445, u'indices': [13, 24], u'id_str': u'1529388445', u'screen_name': u'jhonbogres', u'name': u'jhon bogres'}]","NULL","NULL","NULL","Belém, Brasil",53,48,"2016-03-17 00:28:07","twitter_ufpa",3,3,0,0,"NULL",0,0,,,,0,1,-1,-1,1,1,0.039235,1,-1,-1,1,
710271004120060000,710271004120060000,"whosyca","Amanhã farei a troca de um bagulho na UFPA... Espero que ocorra bem e eu consiga voltar pra casa com um exemplar do A Guerra dos Tronos ?",,0,"[]","[]","NULL","NULL","NULL","PA @ BR #UFPA (Psi)",15,22,"2016-03-17 01:06:18","twitter_ufpa",3,2,1,0,"NULL",0,0,,,,1,0,-1,0,1,0,0.0464,1,0,0,1,
710448774674567000,710448774674567000,"Adricarmo13","@Curitiba_PMC Obrigada !!!",,0,"[]","[{u'id': 68693419, u'indices': [0, 13], u'id_str': u'68693419', u'screen_name': u'Curitiba_PMC', u'name': u'Prefeitura Curitiba'}]","NULL","NULL","NULL","Curitiba - PR",152,260,"2016-03-17 12:52:42","twitter_curitiba",3,2,0,1,"NULL",0,0,,,,0,1,1,0,1,1,0.152,0,-1,-1,1,
710495504233267000,710495504233267000,"czar_nasc","Um pretinho básico para acordar!!! #cafe #estudarfazparte #ufpa #administração #provadeeconomia… https://t.co/VBUDOuAO1n",,0,"[{u'indices': [35, 40], u'text': u'cafe'}, {u'indices': [41, 57], u'text': u'estudarfazparte'}, {u'indices': [58, 63], u'text': u'ufpa'}, {u'indices': [64, 78], u'text': u'administraxe7xe3o'}, {u'indices': [79, 95], u'text': u'provadeeconomia'}]","[]","NULL","NULL","NULL","NULL",5,50,"2016-03-17 15:58:23","twitter_ufpa",3,3,0,0,"NULL",0,0,,,,0,0,1,-1,0,0,0.0498,0,0,-1,1,
710611687515296000,710611687515296000,"emferrariny","Ta na mão, agora posso ir para #Curitiba no final do mês @Curitiba_PMC. Tirei no consulado aqui em #Cleveland #OH https://t.co/JCsZd9OOIY",,0,"[{u'indices': [31, 40], u'text': u'Curitiba'}, {u'indices': [99, 109], u'text': u'Cleveland'}, {u'indices': [110, 113], u'text': u'OH'}]","[{u'id': 68693419, u'indices': [57, 70], u'id_str': u'68693419', u'screen_name': u'Curitiba_PMC', u'name': u'Prefeitura Curitiba'}]","[[[-81.877771, 41.392684], [-81.5331634, 41.392684], [-81.5331634, 41.599195], [-81.877771, 41.599195]]]","41.4959395,-81.7054672","Cleveland, OH","35.342747,-80.724755",351,370,"2016-03-17 23:40:03","twitter_curitiba",4,1,0,1,"NULL",2,0,,,,0,0,0,0,0,1,0.002179,1,0,0,1,
710853143781892000,710853143781892000,"agnaldo_nm","Bora lá repeti essa feijoada? #RU #Basico — feeling hungry at Universidade Federal do Pará - UFPA - Oficial https://t.co/gWGHQUG8Wu",,0,"[{u'indices': [30, 33], u'text': u'RU'}, {u'indices': [34, 41], u'text': u'Basico'}]","[]","NULL","NULL","NULL","Brazil - Pará, belem",249,737,"2016-03-18 15:39:31","twitter_ufpa",3,3,0,0,"NULL",0,0,,,,0,1,-1,-1,0,1,0.014421,0,0,0,1,
711530152103125000,711530152103125000,"Minie313","eu voto sempre em #joaoreitor. Por uma UFPA melhor.",,0,"[{u'indices': [18, 29], u'text': u'joaoreitor'}]","[]","NULL","NULL","NULL","NULL",0,1,"2016-03-20 12:29:42","twitter_ufpa",3,3,0,0,"NULL",0,0,,,,0,0,0,0,1,1,0.029125,1,1,0,1,
711595758626206000,711595758626206000,"drigama","@leiomaurobonna Hoje é dia de votar em que sabe o que faz! #joaoreitor para inovação da UFPA.",,3,"[{u'indices': [59, 70], u'text': u'joaoreitor'}]","[{u'id': 178061411, u'indices': [0, 15], u'id_str': u'178061411', u'screen_name': u'leiomaurobonna', u'name': u'Mauro Bonna'}]","NULL","NULL","NULL","Santarém, Brasil",331,196,"2016-03-20 16:50:24","twitter_ufpa",3,2,0,1,"NULL",0,0,,,,1,1,1,1,0,1,0.015933,0,0,1,1,
711723350628962000,711723350628962000,"luciene90","e conquistou o bicampeonato. A apuração das notas ocorreu na Praça Matriz da ilha, promovida pela Prefeitura de Belém.",,0,"[]","[]","NULL","NULL","NULL","Cubatão São Paulo",1664,3507,"2016-03-21 01:17:24","twitter_belem",3,3,0,0,"NULL",0,0,,,,1,1,0,1,0,1,0.00387,1,0,1,1,
711884272634892000,711884272634892000,"leoatletico","prefeitura de Curitiba: Reforma da ciclovia na Av. Canal Belem - Assine o abaixo-assinado! https://t.co/AxicAN5uJX via @change_br",,0,"[]","[{u'id': 900348469, u'indices': [119, 129], u'id_str': u'900348469', u'screen_name': u'change_br', u'name': u'Change.org Brasil'}]","NULL","NULL","NULL","Curitiba",861,1089,"2016-03-21 11:56:51","twitter_curitiba",5,3,0,2,"NULL",0,0,,,,0,0,1,0,0,0,0.013,0,0,0,1,
711948597680607000,711948597680607000,"ClaudineyCorrea","Limpeza no novo prédio que será um bênção para os menos favorecidos de @Curitiba_PMC @MarOleskovicz @gustavofruet https://t.co/XPsEQFD0qp",,1,"[]","[{u'id': 68693419, u'indices': [71, 84], u'id_str': u'68693419', u'screen_name': u'Curitiba_PMC', u'name': u'Prefeitura Curitiba'}, {u'id': 172137894, u'indices': [85, 99], u'id_str': u'172137894', u'screen_name': u'MarOleskovicz', u'name': u'Marcia O. Fruet'}, {u'id': 33642328, u'indices': [100, 113], u'id_str': u'33642328', u'screen_name': u'gustavofruet', u'name': u'Gustavo Fruet'}]","[[[-49.3916434, -25.6447517], [-49.1852775, -25.6447517], [-49.1852775, -25.3457471], [-49.3916434, -25.3457471]]]","-25.4952494,-49.28846045","Curitiba, Brazil","Brasil",33,112,"2016-03-21 16:12:27","twitter_curitiba",3,3,0,0,"NULL",0,0,,,,1,1,1,1,1,1,0.0054,1,1,0,1,
712005481896645000,712005481896645000,"giltonpaiva","@GovernoPara e @prefeiturabelem deveriam investir em parcerias como o @Colab_re p/ interagir d forma mas objetiva e dinâmica c/ o cidadão!",,0,"[]","[{u'id': 153505589, u'indices': [0, 12], u'id_str': u'153505589', u'screen_name': u'GovernoPara', u'name': u'Governo do Parxe1'}, {u'id': 1934139290, u'indices': [15, 31], u'id_str': u'1934139290', u'screen_name': u'prefeiturabelem', u'name': u'Prefeitura de Belxe9m'}, {u'id': 1283346654, u'indices': [70, 79], u'id_str': u'1283346654', u'screen_name': u'Colab_re', u'name': u'Colab.re'}]","NULL","NULL","NULL","Belem, Pará",1980,2142,"2016-03-21 19:58:29","twitter_belem",3,2,0,1,"NULL",0,0,,,,1,0,1,1,0,1,0.0568,1,0,1,1,
712066068496437000,712066068496437000,"trinlusp","Foi tão bom não ter ido pra UFPA hoje",,0,"[]","[]","NULL","NULL","NULL","Belém, Brasil",353,372,"2016-03-21 23:59:14","twitter_ufpa",3,2,0,1,"NULL",0,0,,,,1,1,1,1,1,1,0.025222,1,1,1,1,
712067729633710000,712067729633710000,"oLucasPaixao","Caraca hj n jantei na ufpa pq tava picadinho no cardapio e adivinha só foi frango assado fui troxa fui",,0,"[]","[]","[[[-48.623684, -1.526453], [-48.295911, -1.526453], [-48.295911, -1.019406], [-48.623684, -1.019406]]]","-1.2729295,-48.4597975","Belém, Brazil","Belém, Brasil",15360,13855,"2016-03-22 00:05:50","twitter_ufpa",3,0,0,1,"NULL",2,0,,,,0,1,1,0,1,1,0.035842,-1,-1,0,1,
712088338979754000,712088338979754000,"biotec_ufpa","Congresso da Sociedade Brasileira de Imunologia-Campos de Jordão, SP, entre os dias 29 de outubro a 2 de novembro. https://t.co/mT2jNSagun",,0,"[]","[]","NULL","NULL","NULL","Belém - PA",693,215,"2016-03-22 01:27:44","twitter_ufpa",3,2,0,1,"NULL",0,0,,,,0,0,0,0,0,0,0.005429,0,0,0,1,
712098872324170000,712098872324170000,"_ClaudioMartins","Sem lero-lero, João Weyl é o melhor para a UFPA.  #joaoweylReitor no Argumento.",,2,"[{u'indices': [50, 65], u'text': u'joaoweylReitor'}]","[]","[[[-48.623684, -1.526453], [-48.295911, -1.526453], [-48.295911, -1.019406], [-48.623684, -1.019406]]]","-1.2729295,-48.4597975","Belém, Brazil","Belém, PA - Brasil",511,436,"2016-03-22 02:09:35","twitter_ufpa",4,3,1,0,"NULL",0,0,,,,1,1,-1,1,1,1,-0.045692,1,1,0,1,
712214615804023000,712214615804023000,"BarrBenaion","@leiomaurobonna , parabéns pela iniciativa (eleições UFPa). Compreendemos quem tem posturas claras e sem titubeios com nossa Universidade.",,0,"[]","[{u'id': 178061411, u'indices': [0, 15], u'id_str': u'178061411', u'screen_name': u'leiomaurobonna', u'name': u'Mauro Bonna'}]","NULL","NULL","NULL","Cruzeiro, Belém",31,108,"2016-03-22 09:49:31","twitter_ufpa",3,3,0,0,"NULL",0,0,,,,1,1,1,1,1,1,0.0092,1,1,0,1,
712250615599124000,712250615599124000,"ica_ufpa","Faculdade de Comunicação promove debate sobre Mídia e Democracia  Depois das Jornadas de Junho de 2013, que... https://t.co/xqE6Vw8MA7",,4,"[]","[]","NULL","NULL","NULL","Belém",935,370,"2016-03-22 12:12:34","twitter_ufpa",3,3,0,0,"NULL",0,0,,,,0,1,0,1,0,1,0.006333,-1,0,1,1,
712266585663152000,712266585663152000,"CamaraCuritiba","(...) autoriza a @Curitiba_PMC a voltar no local emergencialmente, para fazer o que não foi feito.",,0,"[]","[{u'id': 68693419, u'indices': [17, 30], u'id_str': u'68693419', u'screen_name': u'Curitiba_PMC', u'name': u'Prefeitura Curitiba'}]","NULL","NULL","NULL","Curitiba - Paraná",7438,98,"2016-03-22 13:16:01","twitter_curitiba",4,2,1,1,"NULL",0,0,,,,1,1,0,0,0,1,0.026143,0,-1,0,1,
712324077655101000,712324077655101000,"BreKyu","Vem pra UFPA!!! Eu tô tentando convencer o @hatfeltt a vir pra cá também HAUSHUAHSUA' https://t.co/lXfNJl9TOJ",,0,"[]","[{u'id': 1244522209, u'indices': [43, 52], u'id_str': u'1244522209', u'screen_name': u'hatfeltt', u'name': u'junior'}]","NULL","NULL","NULL","NULL",299,103,"2016-03-22 17:04:29","twitter_ufpa",3,2,0,1,"NULL",0,0,,,,0,1,1,1,0,1,0.007,1,1,0,1,
712418186143126000,712418186143126000,"joaoreitorufpa","@UFPA_Oficial vamos construir uma Universidade Aberta, Coletiva e Cidadã #joaoreitor https://t.co/h7voRyLvZ3",,0,"[{u'indices': [73, 84], u'text': u'joaoreitor'}]","[{u'id': 82086393, u'indices': [0, 13], u'id_str': u'82086393', u'screen_name': u'UFPA_Oficial', u'name': u'UFPA'}]","NULL","NULL","NULL","NULL",149,608,"2016-03-22 23:18:26","twitter_ufpa",4,2,0,1,"NULL",1,0,,,,0,0,0,0,0,0,0.005375,1,1,1,1,
712441291871642000,712441291871642000,"Marhmgm","#espanolizando#espanol#ufpa Depois da aula. @ Universidade Federal do Pará - UFPA - Oficial https://t.co/TflPmBd5Xy",,0,"[]","[]","NULL","NULL","NULL","Brasil",77,482,"2016-03-23 00:50:15","twitter_ufpa",3,2,0,1,"NULL",0,0,,,,0,0,0,0,0,0,0.008154,0,0,0,1,
712624538681491000,712624538681491000,"ica_ufpa","Seminário UFPA 60 anos apresenta projetos voltados para a sustentabilidade  O Programa de Extensão Universidade... https://t.co/ap9yyFuY5o",,0,"[]","[]","NULL","NULL","NULL","Belém",935,370,"2016-03-23 12:58:24","twitter_ufpa",3,3,0,0,"NULL",0,0,,,,1,0,0,0,0,0,0.007,0,-1,0,1,
712720730526523000,712720730526523000,"Art3missss","@Curitiba_PMC Olha que linda que eu peguei a lua ontem https://t.co/PEIyWmNtcp",,0,"[]","[{u'id': 68693419, u'indices': [0, 13], u'id_str': u'68693419', u'screen_name': u'Curitiba_PMC', u'name': u'Prefeitura Curitiba'}]","NULL","NULL","NULL","Reino tão tão distante (CWB)",245,632,"2016-03-23 19:20:38","twitter_curitiba",4,3,0,1,"NULL",0,0,,,,1,1,1,1,1,1,0.01225,1,1,1,1,
712773327291437000,712773327291437000,"leonadublyer","Prefeitura de Curitiba prorroga prazo para negociar dívidas de impostos: Término do Mutirão de Conciliação foi... https://t.co/G6hPhBjTfB",,0,"[]","[]","NULL","NULL","NULL","NULL",1114,417,"2016-03-23 22:49:38","twitter_curitiba",7,3,0,2,"NULL",1,1,,,,0,0,-1,0,0,0,0.00905,0,0,-1,1,
712773522230096000,712773522230096000,"AneilsonBeta","#missãoBETA Prefeitura de Curitiba prorroga prazo para negociar dívidas de impostos: Término do Mutirão de Con... https://t.co/WzYhjJ52KP",,0,"[{u'indices': [0, 11], u'text': u'missxe3oBETA'}]","[]","NULL","NULL","NULL","Vitória da Conquista, Bahia",5178,3025,"2016-03-23 22:50:25","twitter_curitiba",3,2,0,1,"NULL",0,0,,,,0,0,-1,0,0,0,-0.025522,0,0,-1,1,
713341848480252000,713341848480252000,"socel10","Mas, por conta do feriadão, a Prefeitura de Belém, vai comemorar no próximo sábado, 02 , os 389 anos do Ver-o-Peso.",,0,"[]","[]","NULL","NULL","NULL","Belém",1129,1522,"2016-03-25 12:28:44","twitter_belem",3,3,0,0,"NULL",0,0,,,,1,1,1,1,1,1,0.080909,0,-1,0,1,
713445514600124000,713445514600124000,"joaoreitorufpa","#AvancaUFPA Universidade aberta, coletiva e cidadã. Entrevista de #joaoreitor publicada https://t.co/d7IgGvnZhu https://t.co/okkcybrnBZ",,1,"[{u'indices': [0, 11], u'text': u'AvancaUFPA'}, {u'indices': [66, 77], u'text': u'joaoreitor'}]","[]","NULL","NULL","NULL","NULL",149,608,"2016-03-25 19:20:40","twitter_ufpa",3,2,0,1,"NULL",0,0,,,,0,0,0,0,0,0,0.009235,1,1,1,1,
713539304996340000,713539304996340000,"marlintonlopes","+120 jovens usam o feriado pra revitalizar um prédio da prefeitura de Curitiba que atenderá moradores de rua. https://t.co/6hiD2qjglg",,5,"[]","[]","NULL","NULL","NULL","Curitiba",6749,257,"2016-03-26 01:33:21","twitter_curitiba",3,0,0,0,"NULL",3,0,,,,1,0,1,1,0,1,0.012083,0,1,-1,1,
713567639914824000,713567639914824000,"giovrana","ufpa é um mundo né minha gente??? parece o bairro da pedreira",,0,"[]","[]","NULL","NULL","NULL","Belém",367,229,"2016-03-26 03:25:57","twitter_ufpa",3,3,0,0,"NULL",0,0,,,,0,0,0,0,0,0,0,0,1,0,1,
713735197854941000,713735197854941000,"Twiiitalo","@eubetinhu @Curitiba_PMC Nossa. Que sonho.. Quero ir.. Kkkkk",,0,"[]","[{u'id': 3582247757, u'indices': [0, 10], u'id_str': u'3582247757', u'screen_name': u'eubetinhu', u'name': u'Betinho'}, {u'id': 68693419, u'indices': [11, 24], u'id_str': u'68693419', u'screen_name': u'Curitiba_PMC', u'name': u'Prefeitura Curitiba'}]","[[[-43.795449, -23.08302], [-43.0877068, -23.08302], [-43.0877068, -22.7398234], [-43.795449, -22.7398234]]]","-22.9114217,-43.4415779","Rio de Janeiro, Brazil","Rio de Janeiro",611,730,"2016-03-26 14:31:46","twitter_curitiba",3,2,0,1,"NULL",0,0,,,,0,1,1,1,-1,1,0.003375,1,1,0,1,
